ema_id,study_day,ping,completed,anger,shame,sad,fear,guilt,si_any,intent_selfharm_30m,intent_suicide_30m,intent_suicide_now,selfharm_30m
E01,1,1,0,,,,,,,,,,
E01,1,2,0,,,,,,,,,,
E01,1,3,1,30,24,74,31,61,1,2,1,1,0
E01,1,4,1,27,75,93,70,30,0,,,,
E01,1,5,1,34,21,75,79,73,0,,,,
E01,2,1,1,30,24,24,17,27,0,,,,
E01,2,2,1,16,16,18,14,17,0,,,,
E01,2,3,1,26,19,75,81,24,0,,,,
E01,2,4,1,21,74,94,16,17,1,2,2,2,0
E01,2,5,1,69,17,85,10,8,0,,,,
E01,3,1,1,0,6,2,0,0,0,,,,
E01,3,2,1,7,15,16,8,17,0,,,,
E01,3,3,1,93,20,95,87,17,1,3,2,1,0
E01,3,4,1,19,31,25,23,17,1,1,1,0,0
E01,3,5,1,91,88,87,81,91,0,,,,
E01,4,1,1,18,26,20,23,21,0,,,,
E01,4,2,1,12,25,12,9,9,0,,,,
E01,4,3,1,11,19,9,16,11,0,,,,
E01,4,4,1,8,15,19,19,18,0,,,,
E01,4,5,1,23,24,33,17,25,0,,,,
E01,5,1,1,7,8,11,6,18,0,,,,
E01,5,2,1,15,27,72,22,22,0,,,,
E01,5,3,1,18,17,77,22,26,0,,,,
E01,5,4,1,34,66,86,35,13,0,,,,
E01,5,5,1,10,33,75,10,8,1,1,0,,0
E01,6,1,1,18,62,21,68,66,0,,,,
E01,6,2,1,10,65,91,14,14,1,0,,,0
E01,6,3,1,67,36,80,19,19,0,,,,
E01,6,4,1,23,16,75,29,20,0,,,,
E01,6,5,1,15,14,14,12,9,0,,,,
E01,7,1,0,,,,,,,,,,
E01,7,2,1,27,21,21,16,21,0,,,,
E01,7,3,1,70,84,95,29,69,1,2,2,2,0
E01,7,4,1,12,15,75,13,10,0,,,,
E01,7,5,1,23,17,11,22,13,0,,,,
E01,8,1,1,16,66,38,29,81,0,,,,
E01,8,2,1,21,19,20,23,21,0,,,,
E01,8,3,1,15,9,72,30,22,0,,,,
E01,8,4,1,76,16,77,20,16,1,2,1,1,0
E01,8,5,1,36,9,71,31,35,0,,,,
E01,9,1,1,16,20,66,13,14,0,,,,
E01,9,2,1,28,3,6,6,4,0,,,,
E01,9,3,1,19,9,17,6,13,0,,,,
E01,9,4,1,11,12,14,16,18,0,,,,
E01,9,5,1,62,11,81,42,21,0,,,,
E01,10,1,1,11,80,83,57,82,1,3,2,1,0
E01,10,2,1,71,10,93,11,22,0,,,,
E01,10,3,1,79,67,79,78,83,1,2,2,1,0
E01,10,4,1,71,76,80,70,84,0,,,,
E01,10,5,1,16,11,79,14,16,0,,,,
E01,11,1,1,11,13,74,13,12,1,2,1,1,0
E01,11,2,1,14,18,90,23,17,0,,,,
E01,11,3,1,53,22,66,18,19,0,,,,
E01,11,4,0,,,,,,,,,,
E01,11,5,0,,,,,,,,,,
E01,12,1,1,17,18,86,73,16,0,,,,
E01,12,2,1,67,20,74,30,8,1,3,1,2,0
E01,12,3,1,23,16,74,16,22,0,,,,
E01,12,4,1,62,9,10,13,12,0,,,,
E01,12,5,1,13,15,71,10,10,0,,,,
E01,13,1,1,66,10,86,11,11,0,,,,
E01,13,2,1,20,8,75,22,19,1,1,1,0,0
E01,13,3,1,34,14,74,8,13,1,3,1,1,0
E01,13,4,1,8,9,75,12,13,0,,,,
E01,13,5,1,6,5,8,8,14,0,,,,
E01,14,1,1,14,18,22,18,17,0,,,,
E01,14,2,1,7,8,76,15,12,0,,,,
E01,14,3,1,15,10,13,12,6,0,,,,
E01,14,4,1,10,2,85,8,11,0,,,,
E01,14,5,1,12,13,83,13,17,0,,,,
E01,15,1,1,21,18,18,15,16,0,,,,
E01,15,2,1,8,18,12,12,16,0,,,,
E01,15,3,1,15,16,85,86,12,1,2,2,1,
E01,15,4,1,70,13,93,10,64,1,2,2,1,0
E01,15,5,1,77,3,75,8,5,0,,,,
E01,16,1,1,85,84,81,91,13,1,3,2,1,0
E01,16,2,1,62,15,91,14,17,0,,,,
E01,16,3,1,76,17,80,16,11,0,,,,
E01,16,4,1,23,76,74,28,22,0,,,,
E01,16,5,1,16,14,87,10,14,1,3,3,2,0
E01,17,1,1,17,15,76,15,15,0,,,,
E01,17,2,1,24,17,25,29,15,0,,,,
E01,17,3,0,,,,,,,,,,
E01,17,4,1,81,20,78,18,13,0,,,,
E01,17,5,1,17,73,76,16,15,0,,,,
E01,18,1,1,30,20,83,16,9,0,,,,
E01,18,2,1,22,14,88,16,14,1,1,2,1,0
E01,18,3,1,18,19,77,20,17,0,,,,
E01,18,4,1,9,10,19,13,13,0,,,,
E01,18,5,1,78,20,18,18,9,0,,,,
E01,19,1,1,76,19,86,17,19,0,,,,
E01,19,2,1,15,17,70,18,18,0,,,,
E01,19,3,1,11,14,14,11,11,0,,,,
E01,19,4,1,13,11,74,11,16,0,,,,
E01,19,5,1,13,18,6,10,11,0,,,,
E01,20,1,1,24,16,22,15,16,0,,,,
E01,20,2,1,28,23,90,84,94,0,,,,
E01,20,3,1,16,15,75,72,18,0,,,,
E01,20,4,1,19,18,13,17,14,0,,,,
E01,20,5,1,17,18,65,68,16,0,,,,
E01,21,1,0,,,,,,,,,,
E01,21,2,1,20,16,70,76,14,0,,,,
E01,21,3,1,27,25,20,23,18,0,,,,
E01,21,4,1,76,16,20,76,15,0,,,,
E01,21,5,1,14,21,25,26,16,0,,,,
E01,22,1,1,17,18,11,13,17,0,,,,
E01,22,2,1,24,19,17,12,20,0,,,,
E01,22,3,1,28,32,19,18,20,0,,,,
E01,22,4,1,21,24,16,78,13,0,,,,
E01,22,5,1,23,23,12,6,9,0,,,,
E01,23,1,1,19,22,70,96,26,0,,,,
E01,23,2,1,24,21,22,15,20,0,,,,
E01,23,3,1,22,25,23,22,23,0,,,,
E01,23,4,1,21,13,13,18,13,0,,,,
E01,23,5,1,11,11,15,15,21,0,,,,
E01,24,1,1,32,28,17,21,20,0,,,,
E01,24,2,1,23,22,21,20,17,0,,,,
E01,24,3,1,13,17,14,19,18,0,,,,
E01,24,4,1,19,27,21,16,23,0,,,,
E01,24,5,1,22,20,8,20,14,0,,,,
E01,25,1,1,34,72,26,23,22,0,,,,
E01,25,2,1,19,22,25,19,14,0,,,,
E01,25,3,0,,,,,,,,,,
E01,25,4,1,20,29,27,25,16,0,,,,
E01,25,5,1,26,24,25,24,25,0,,,,
E01,26,1,1,26,12,25,21,20,0,,,,
E01,26,2,1,29,24,27,27,23,0,,,,
E01,26,3,0,,,,,,,,,,
E01,26,4,1,30,64,72,30,80,0,,,,
E01,26,5,0,,,,,,,,,,
E01,27,1,1,29,21,72,17,25,0,,,,
E01,27,2,0,,,,,,,,,,
E01,27,3,1,30,64,66,22,24,1,1,1,1,0
E01,27,4,1,27,30,77,72,20,0,,,,
E01,27,5,1,74,68,26,23,20,0,,,,
E01,28,1,1,30,71,81,82,26,0,,,,
E01,28,2,0,,,,,,,,,,
E01,28,3,0,,,,,,,,,,
E01,28,4,1,23,59,70,25,19,0,,,,
E01,28,5,0,,,,,,,,,,
E01,29,1,1,80,67,77,27,22,0,,,,
E01,29,2,0,,,,,,,,,,
E01,29,3,0,,,,,,,,,,
E01,29,4,0,,,,,,,,,,
E01,29,5,0,,,,,,,,,,
E01,30,1,1,17,20,68,24,25,0,,,,
E01,30,2,1,70,21,80,68,26,0,,,,
E01,30,3,1,84,17,86,23,14,0,,,,
E01,30,4,1,30,19,83,22,30,0,,,,
E01,30,5,1,77,68,86,74,64,0,,,,
E01,31,1,1,62,69,77,22,28,0,,,,
E01,31,2,1,80,24,88,79,21,0,,,,
E01,31,3,1,24,87,74,20,22,0,,,,
E01,31,4,1,25,25,91,18,23,0,,,,
E01,31,5,1,16,14,77,23,19,0,,,,
E01,32,1,1,24,28,76,22,24,0,,,,
E01,32,2,1,23,23,76,17,15,0,,,,
E01,32,3,1,20,77,82,14,21,0,,,,
E01,32,4,1,29,19,85,17,24,0,,,,
E01,32,5,1,14,75,89,16,22,0,,,,
E01,33,1,1,22,77,84,18,21,0,,,,
E01,33,2,1,11,13,79,12,13,0,,,,
E01,33,3,1,8,21,84,20,20,0,,,,
E01,33,4,1,75,18,75,17,14,0,,,,
E01,33,5,0,,,,,,,,,,
E01,34,1,1,23,23,78,25,21,0,,,,
E01,34,2,1,29,23,56,18,23,0,,,,
E01,34,3,1,26,21,81,22,25,0,,,,
E01,34,4,0,,,,,,,,,,
E01,34,5,0,,,,,,,,,,
E01,35,1,1,27,47,80,29,68,0,,,,
E01,35,2,1,26,62,29,14,73,0,,,,
E01,35,3,1,27,22,88,14,18,0,,,,
E01,35,4,1,26,32,72,11,75,0,,,,
E01,35,5,1,23,20,71,26,64,0,,,,
E01,36,1,1,29,25,70,27,66,0,,,,
E01,36,2,1,17,22,67,16,22,0,,,,
E01,36,3,1,29,30,72,27,32,0,,,,
E01,36,4,1,31,27,70,26,20,0,,,,
E01,36,5,1,22,40,63,28,66,0,,,,
E01,37,1,1,23,33,33,24,29,0,,,,
E01,37,2,0,,,,,,,,,,
E01,37,3,1,32,26,24,67,24,0,,,,
E01,37,4,1,32,25,75,23,25,0,,,,
E01,37,5,1,17,27,76,34,31,0,,,,
E01,38,1,1,30,24,75,23,25,0,,,,
E01,38,2,1,27,27,63,70,68,0,,,,
E01,38,3,1,27,24,23,70,30,0,,,,
E01,38,4,1,19,21,77,25,34,0,,,,
E01,38,5,0,,,,,,,,,,
E01,39,1,1,35,25,70,32,35,0,,,,
E01,39,2,1,24,19,75,26,26,0,,,,
E01,39,3,1,24,26,30,19,30,0,,,,
E01,39,4,1,28,26,72,31,29,0,,,,
E01,39,5,1,31,35,70,33,36,0,,,,
E01,40,1,1,25,21,71,27,28,0,,,,
E01,40,2,1,31,30,60,31,21,0,,,,
E01,40,3,1,17,27,67,27,24,0,,,,
E01,40,4,1,25,27,75,21,34,0,,,,
E01,40,5,1,26,23,25,23,76,0,,,,
E01,41,1,1,36,24,70,26,22,0,,,,
E01,41,2,1,31,29,31,29,63,0,,,,
E01,41,3,1,25,25,74,26,27,0,,,,
E01,41,4,1,16,20,56,15,16,0,,,,
E01,41,5,0,,,,,,,,,,
E01,42,1,1,23,29,30,24,22,0,,,,
E01,42,2,1,24,25,24,64,19,0,,,,
E01,42,3,1,30,25,28,24,33,0,,,,
E01,42,4,1,33,30,19,38,30,0,,,,
E01,42,5,1,17,15,21,21,23,0,,,,
E02,1,1,1,0,11,11,61,56,0,,,,
E02,1,2,1,0,82,65,30,66,0,,,,
E02,1,3,1,3,30,30,0,75,0,,,,
E02,1,4,0,,,,,,,,,,
E02,1,5,0,,,,,,,,,,
E02,2,1,0,,,,,,,,,,
E02,2,2,1,13,20,29,11,63,0,,,,
E02,2,3,0,,,,,,,,,,
E02,2,4,1,4,10,26,63,64,0,,,,
E02,2,5,1,21,28,68,66,75,0,,,,
E02,3,1,1,21,65,75,32,78,0,,,,
E02,3,2,1,16,63,65,71,82,0,,,,
E02,3,3,1,41,32,67,65,67,0,,,,
E02,3,4,1,26,31,31,22,68,0,,,,
E02,3,5,0,,,,,,,,,,
E02,4,1,1,11,31,61,33,60,1,0,,,0
E02,4,2,1,14,66,57,26,64,0,,,,
E02,4,3,1,27,63,70,82,90,0,,,,
E02,4,4,1,22,60,80,33,81,0,,,,
E02,4,5,1,11,60,59,63,76,0,,,,
E02,5,1,1,17,37,59,32,65,0,,,,
E02,5,2,1,32,44,62,61,81,0,,,,
E02,5,3,1,15,61,75,59,66,0,,,,
E02,5,4,0,,,,,,,,,,
E02,5,5,0,,,,,,,,,,
E02,6,1,1,81,30,70,86,73,1,2,1,1,0
E02,6,2,1,76,65,85,91,38,0,,,,
E02,6,3,1,80,70,90,83,75,0,,,,
E02,6,4,0,,,,,,,,,,
E02,6,5,0,,,,,,,,,,
E02,7,1,1,73,29,83,82,73,0,,,,
E02,7,2,1,66,80,85,75,40,0,,,,
E02,7,3,0,,,,,,,,,,
E02,7,4,1,80,29,60,61,35,0,,,,
E02,7,5,0,,,,,,,,,,
E02,8,1,1,69,32,73,79,69,0,,,,
E02,8,2,1,58,75,44,68,78,0,,,,
E02,8,3,1,75,67,23,76,72,0,,,,
E02,8,4,0,,,,,,,,,,
E02,8,5,1,33,30,32,58,66,0,,,,
E02,9,1,1,56,27,76,82,39,0,,,,
E02,9,2,1,72,27,72,59,73,0,,,,
E02,9,3,1,18,15,62,28,69,0,,,,
E02,9,4,1,16,58,23,26,62,0,,,,
E02,9,5,0,,,,,,,,,,
E02,10,1,1,18,37,72,69,72,0,,,,
E02,10,2,1,29,67,80,65,71,0,,,,
E02,10,3,0,,,,,,,,,,
E02,10,4,0,,,,,,,,,,
E02,10,5,1,24,67,88,77,87,1,1,0,,0
E02,11,1,1,18,63,35,68,44,0,,,,
E02,11,2,1,13,61,73,62,72,0,,,,
E02,11,3,1,23,35,65,56,78,0,,,,
E02,11,4,1,30,15,59,28,73,0,,,,
E02,11,5,0,,,,,,,,,,
E02,12,1,0,,,,,,,,,,
E02,12,2,0,,,,,,,,,,
E02,12,3,1,11,20,64,60,78,0,,,,
E02,12,4,1,29,27,61,13,71,0,,,,
E02,12,5,1,20,59,66,62,81,0,,,,
E02,13,1,1,17,18,63,20,56,0,,,,
E02,13,2,1,14,28,25,69,55,0,,,,
E02,13,3,1,20,73,88,68,84,0,,,,
E02,13,4,1,33,38,66,57,74,0,,,,
E02,13,5,1,19,60,86,33,81,0,,,,
E02,14,1,1,18,33,59,36,43,0,,,,
E02,14,2,1,31,44,65,61,78,0,,,,
E02,14,3,1,25,34,39,62,58,0,,,,
E02,14,4,1,15,38,40,72,62,0,,,,
E02,14,5,0,,,,,,,,,,
E02,15,1,0,,,,,,,,,,
E02,15,2,1,13,61,36,60,79,0,,,,
E02,15,3,1,25,62,62,20,76,0,,,,
E02,15,4,1,14,23,17,22,69,0,,,,
E02,15,5,1,22,32,61,24,61,0,,,,
E02,16,1,1,30,27,62,28,60,0,,,,
E02,16,2,1,31,21,29,65,72,0,,,,
E02,16,3,1,13,29,28,29,59,0,,,,
E02,16,4,1,21,29,29,66,69,0,,,,
E02,16,5,1,22,64,75,62,65,0,,,,
E02,17,1,1,24,28,82,65,67,0,,,,
E02,17,2,1,17,67,80,62,69,0,,,,
E02,17,3,0,,,,,,,,,,
E02,17,4,1,24,62,62,61,67,0,,,,
E02,17,5,1,12,21,62,34,66,0,,,,
E02,18,1,1,16,32,75,58,74,0,,,,
E02,18,2,1,23,28,64,65,67,0,,,,
E02,18,3,0,,,,,,,,,,
E02,18,4,1,24,66,66,19,63,0,,,,
E02,18,5,1,24,32,55,35,75,0,,,,
E02,19,1,1,22,69,82,74,75,0,,,,
E02,19,2,1,19,29,68,26,69,0,,,,
E02,19,3,1,22,27,36,61,72,0,,,,
E02,19,4,1,19,28,54,62,65,0,,,,
E02,19,5,0,,,,,,,,,,
E02,20,1,1,18,24,60,78,65,0,,,,
E02,20,2,1,26,31,68,56,78,0,,,,
E02,20,3,1,16,34,59,57,58,0,,,,
E02,20,4,1,22,33,65,60,64,0,,,,
E02,20,5,1,24,24,75,85,62,0,,,,
E02,21,1,1,12,24,72,63,69,0,,,,
E02,21,2,1,23,64,66,30,73,0,,,,
E02,21,3,0,,,,,,,,,,
E02,21,4,1,27,21,65,57,69,0,,,,
E02,21,5,1,16,36,63,64,79,0,,,,
E02,22,1,0,,,,,,,,,,
E02,22,2,1,10,25,78,57,67,0,,,,
E02,22,3,1,11,16,76,75,69,0,,,,
E02,22,4,1,62,16,68,75,59,0,,,,
E02,22,5,0,,,,,,,,,,
E02,23,1,1,15,24,66,35,65,0,,,,
E02,23,2,1,22,57,94,67,77,0,,,,
E02,23,3,1,10,62,68,33,64,0,,,,
E02,23,4,0,,,,,,,,,,
E02,23,5,1,21,70,58,23,63,0,,,,
E02,24,1,1,17,29,43,68,75,0,,,,
E02,24,2,1,14,27,65,66,74,0,,,,
E02,24,3,1,25,34,24,26,25,0,,,,
E02,24,4,1,22,38,87,14,17,0,,,,
E02,24,5,1,24,20,16,34,59,0,,,,
E02,25,1,1,25,30,65,29,68,0,,,,
E02,25,2,0,,,,,,,,,,
E02,25,3,1,18,25,39,58,60,0,,,,
E02,25,4,0,,,,,,,,,,
E02,25,5,1,20,32,72,61,64,0,,,,
E02,26,1,1,20,30,66,69,61,0,,,,
E02,26,2,0,,,,,,,,,,
E02,26,3,0,,,,,,,,,,
E02,26,4,1,14,30,68,66,77,0,,,,
E02,26,5,1,69,25,60,70,67,0,,,,
E02,27,1,1,70,23,38,69,66,0,,,,
E02,27,2,0,,,,,,,,,,
E02,27,3,1,62,17,63,32,71,0,,,,
E02,27,4,1,27,18,65,36,75,0,,,,
E02,27,5,0,,,,,,,,,,
E02,28,1,1,31,65,34,70,33,0,,,,
E02,28,2,1,24,34,61,35,32,0,,,,
E02,28,3,1,32,29,73,66,74,0,,,,
E02,28,4,0,,,,,,,,,,
E02,28,5,1,55,10,16,32,61,0,,,,
E02,29,1,1,30,26,66,67,71,0,,,,
E02,29,2,1,31,64,63,76,68,0,,,,
E02,29,3,0,,,,,,,,,,
E02,29,4,1,63,29,40,73,67,0,,,,
E02,29,5,1,72,33,65,68,62,0,,,,
E02,30,1,1,61,59,62,67,75,1,1,0,,0
E02,30,2,1,65,62,73,37,75,0,,,,
E02,30,3,1,66,24,29,60,74,0,,,,
E02,30,4,0,,,,,,,,,,
E02,30,5,1,83,22,67,68,81,0,,,,
E02,31,1,1,25,64,33,68,88,0,,,,
E02,31,2,1,21,36,37,74,82,0,,,,
E02,31,3,1,61,29,61,82,71,0,,,,
E02,31,4,1,25,69,72,70,81,0,,,,
E02,31,5,1,21,21,62,71,77,0,,,,
E02,32,1,1,70,13,61,61,68,0,,,,
E02,32,2,1,61,10,61,35,68,0,,,,
E02,32,3,1,73,56,32,64,77,0,,,,
E02,32,4,0,,,,,,,,,,
E02,32,5,0,,,,,,,,,,
E02,33,1,0,,,,,,,,,,
E02,33,2,1,24,21,70,63,86,0,,,,
E02,33,3,1,30,35,25,64,67,0,,,,
E02,33,4,1,30,28,35,34,74,0,,,,
E02,33,5,1,27,36,31,29,64,0,,,,
E02,34,1,1,30,14,24,55,66,0,,,,
E02,34,2,1,32,25,62,77,69,0,,,,
E02,34,3,0,,,,,,,,,,
E02,34,4,1,71,22,67,81,67,0,,,,
E02,34,5,0,,,,,,,,,,
E02,35,1,1,61,14,79,69,86,0,,,,
E02,35,2,0,,,,,,,,,,
E02,35,3,1,64,24,64,34,77,0,,,,
E02,35,4,0,,,,,,,,,,
E02,35,5,1,22,28,60,71,71,0,,,,
E02,36,1,1,37,26,70,85,40,0,,,,
E02,36,2,1,25,20,69,69,82,0,,,,
E02,36,3,0,,,,,,,,,,
E02,36,4,0,,,,,,,,,,
E02,36,5,1,13,11,62,70,53,0,,,,
E02,37,1,1,21,27,25,18,63,0,,,,
E02,37,2,1,56,19,20,19,80,0,,,,
E02,37,3,1,21,54,27,39,64,0,,,,
E02,37,4,1,28,23,65,60,71,0,,,,
E02,37,5,0,,,,,,,,,,
E02,38,1,1,26,30,62,69,78,0,,,,
E02,38,2,1,70,59,23,38,74,0,,,,
E02,38,3,1,29,21,65,62,62,0,,,,
E02,38,4,1,33,16,63,30,64,0,,,,
E02,38,5,0,,,,,,,,,,
E02,39,1,1,64,25,36,60,30,0,,,,
E02,39,2,1,21,28,32,66,69,0,,,,
E02,39,3,1,28,23,35,64,65,0,,,,
E02,39,4,1,34,18,18,41,55,0,,,,
E02,39,5,0,,,,,,,,,,
E02,40,1,1,31,19,60,72,64,0,,,,
E02,40,2,1,62,30,64,72,26,0,,,,
E02,40,3,1,33,25,56,62,33,0,,,,
E02,40,4,1,24,14,33,58,60,0,,,,
E02,40,5,1,28,14,69,24,50,0,,,,
E02,41,1,1,30,26,59,64,55,0,,,,
E02,41,2,0,,,,,,,,,,
E02,41,3,0,,,,,,,,,,
E02,41,4,1,68,28,63,75,67,0,,,,
E02,41,5,0,,,,,,,,,,
E02,42,1,0,,,,,,,,,,
E02,42,2,1,33,67,63,87,78,0,,,,
E02,42,3,1,34,61,33,76,65,0,,,,
E02,42,4,1,66,24,55,75,75,0,,,,
E02,42,5,1,31,28,70,72,69,0,,,,
E03,1,1,1,45,48,57,58,44,0,,,,
E03,1,2,1,39,38,59,57,34,0,,,,
E03,1,3,1,42,44,61,59,39,0,,,,
E03,1,4,1,67,38,74,75,43,0,,,,
E03,1,5,1,74,60,70,73,40,0,,,,
E03,2,1,1,78,78,80,77,56,0,,,,
E03,2,2,1,88,96,89,91,66,0,,,,
E03,2,3,1,85,83,85,73,59,0,,,,
E03,2,4,1,64,63,63,59,41,0,,,,
E03,2,5,1,61,56,62,56,41,0,,,,
E03,3,1,0,,,,,,,,,,
E03,3,2,1,62,34,66,64,36,0,,,,
E03,3,3,1,37,40,37,65,40,0,,,,
E03,3,4,1,64,59,70,64,57,0,,,,
E03,3,5,1,68,54,69,68,44,0,,,,
E03,4,1,1,67,62,75,69,57,0,,,,
E03,4,2,1,76,64,73,70,40,0,,,,
E03,4,3,1,59,59,56,62,56,0,,,,
E03,4,4,1,74,60,69,61,38,0,,,,
E03,4,5,1,31,32,39,58,56,0,,,,
E03,5,1,1,61,60,73,76,60,0,,,,
E03,5,2,1,64,61,65,61,63,0,,,,
E03,5,3,1,74,63,65,72,37,0,,,,
E03,5,4,1,80,61,66,69,60,0,,,,
E03,5,5,1,77,55,71,66,69,0,,,,
E03,6,1,1,72,60,64,69,60,0,,,,
E03,6,2,1,69,60,58,62,55,0,,,,
E03,6,3,1,70,66,70,86,60,0,,,,
E03,6,4,0,,,,,,,,,,
E03,6,5,1,41,40,35,58,37,0,,,,
E03,7,1,1,68,59,64,63,59,0,,,,
E03,7,2,1,65,64,60,74,57,0,,,,
E03,7,3,1,72,61,66,66,64,0,,,,
E03,7,4,1,63,65,69,75,37,0,,,,
E03,7,5,1,66,65,74,78,59,0,,,,
E03,8,1,1,67,61,76,75,63,0,,,,
E03,8,2,1,68,73,68,79,71,0,,,,
E03,8,3,1,87,100,96,92,76,1,1,0,,0
E03,8,4,0,,,,,,,,,,
E03,8,5,0,,,,,,,,,,
E03,9,1,1,68,70,73,71,63,1,0,,,0
E03,9,2,1,74,74,77,75,62,1,0,,,0
E03,9,3,1,94,83,94,79,68,1,2,1,1,0
E03,9,4,1,74,68,79,91,69,1,0,,,0
E03,9,5,1,73,60,72,67,62,1,0,,,0
E03,10,1,0,,,,,,,,,,
E03,10,2,1,72,65,76,75,72,0,,,,
E03,10,3,1,70,62,70,68,64,1,0,,,0
E03,10,4,1,71,64,68,75,66,1,0,,,0
E03,10,5,1,41,59,58,72,64,0,,,,
E03,11,1,1,68,68,69,75,62,1,0,,,0
E03,11,2,1,74,77,68,66,62,1,0,,,0
E03,11,3,1,66,68,69,75,61,0,,,,
E03,11,4,1,62,59,64,78,65,0,,,,
E03,11,5,1,40,63,52,65,55,0,,,,
E03,12,1,0,,,,,,,,,,
E03,12,2,1,65,63,66,73,62,1,0,,,0
E03,12,3,1,34,41,40,68,62,0,,,,
E03,12,4,1,61,61,67,73,58,0,,,,
E03,12,5,1,37,70,29,83,62,1,0,,,0
E03,13,1,1,69,63,69,71,65,1,0,,,0
E03,13,2,1,64,66,63,76,67,1,0,,,0
E03,13,3,1,60,56,60,78,64,0,,,,
E03,13,4,1,57,65,65,76,68,1,0,,,0
E03,13,5,1,38,40,43,64,63,0,,,,
E03,14,1,1,58,58,59,67,64,0,,,,
E03,14,2,0,,,,,,,,,,
E03,14,3,1,63,63,64,67,63,0,,,,
E03,14,4,1,36,40,61,63,64,1,0,,,0
E03,14,5,0,,,,,,,,,,
E03,15,1,1,66,63,66,75,66,0,,,,
E03,15,2,1,62,67,63,76,67,0,,,,
E03,15,3,1,60,62,61,73,60,0,,,,
E03,15,4,0,,,,,,,,,,
E03,15,5,1,62,69,68,77,76,1,0,,,0
E03,16,1,1,66,71,76,77,74,1,0,,,0
E03,16,2,1,67,68,69,84,69,1,0,,,0
E03,16,3,1,66,74,66,72,73,1,0,,,0
E03,16,4,1,64,71,64,74,73,0,,,,
E03,16,5,1,57,64,62,70,64,0,,,,
E03,17,1,1,70,68,66,70,65,0,,,,
E03,17,2,1,59,62,66,73,61,0,,,,
E03,17,3,1,73,69,69,79,74,1,0,,,0
E03,17,4,1,65,70,68,73,76,1,0,,,0
E03,17,5,1,66,67,64,77,64,0,,,,
E03,18,1,1,64,70,70,69,66,1,0,,,0
E03,18,2,0,,,,,,,,,,
E03,18,3,1,36,38,42,66,34,1,0,,,0
E03,18,4,1,65,70,68,69,76,1,0,,,0
E03,18,5,1,69,75,77,81,77,1,1,0,,0
E03,19,1,1,59,64,64,71,60,1,0,,,0
E03,19,2,0,,,,,,,,,,
E03,19,3,1,69,71,62,73,68,1,0,,,0
E03,19,4,1,69,65,69,72,65,1,0,,,0
E03,19,5,1,63,60,64,60,65,1,0,,,0
E03,20,1,1,44,69,67,79,66,0,,,,
E03,20,2,1,65,70,67,78,66,1,0,,,0
E03,20,3,1,69,69,73,76,67,1,0,,,0
E03,20,4,1,70,62,82,78,75,1,1,0,,0
E03,20,5,1,64,73,84,75,71,1,0,,,0
E03,21,1,1,67,74,76,75,74,1,0,,,0
E03,21,2,1,71,76,71,78,76,1,0,,,0
E03,21,3,1,70,76,73,75,71,1,0,,,0
E03,21,4,1,66,68,70,71,72,1,0,,,0
E03,21,5,1,67,70,72,78,82,1,0,,,0
E03,22,1,1,62,69,71,78,69,1,0,,,0
E03,22,2,0,,,,,,,,,,
E03,22,3,1,66,74,76,91,81,1,1,0,,0
E03,22,4,1,63,69,64,75,70,1,0,,,0
E03,22,5,1,35,66,65,78,77,1,0,,,0
E03,23,1,1,67,68,68,79,66,1,0,,,0
E03,23,2,1,60,66,60,78,72,1,0,,,0
E03,23,3,1,61,59,62,75,61,1,0,,,0
E03,23,4,1,65,70,67,79,69,1,0,,,0
E03,23,5,1,74,75,82,86,71,1,0,,,0
E03,24,1,1,65,67,70,71,71,1,0,,,0
E03,24,2,1,66,74,67,69,67,1,0,,,0
E03,24,3,1,66,69,66,67,63,1,0,,,0
E03,24,4,1,62,66,64,76,68,1,0,,,0
E03,24,5,1,59,63,58,66,59,1,0,,,0
E03,25,1,0,,,,,,,,,,
E03,25,2,1,67,75,69,75,74,0,,,,
E03,25,3,1,66,75,67,71,72,1,0,,,0
E03,25,4,1,66,73,67,74,68,1,0,,,0
E03,25,5,1,67,65,64,66,68,1,0,,,0
E03,26,1,0,,,,,,,,,,
E03,26,2,1,67,72,63,72,77,1,0,,,0
E03,26,3,1,60,73,67,77,73,1,0,,,0
E03,26,4,1,40,68,37,40,75,1,0,,,0
E03,26,5,0,,,,,,,,,,
E03,27,1,1,68,74,68,78,76,1,0,,,0
E03,27,2,1,68,77,69,77,66,1,0,,,0
E03,27,3,1,56,64,61,78,69,1,0,,,0
E03,27,4,1,63,68,69,79,66,1,0,,,0
E03,27,5,1,68,68,72,81,70,1,0,,,0
E03,28,1,1,60,64,72,80,75,1,0,,,0
E03,28,2,1,69,66,63,76,69,1,0,,,0
E03,28,3,1,70,72,77,81,72,1,0,,,0
E03,28,4,1,66,76,70,82,66,1,0,,,0
E03,28,5,1,70,66,69,83,71,1,0,,,0
E03,29,1,1,65,64,74,77,69,1,0,,,0
E03,29,2,1,40,77,46,74,76,1,0,,,0
E03,29,3,1,66,69,63,69,69,1,0,,,0
E03,29,4,1,39,69,63,70,70,1,0,,,0
E03,29,5,1,65,77,61,71,83,1,0,,,0
E03,30,1,1,65,67,65,76,69,1,0,,,0
E03,30,2,1,63,64,63,77,69,1,0,,,0
E03,30,3,1,65,81,88,84,84,1,1,0,,0
E03,30,4,1,78,64,69,73,71,1,0,,,0
E03,30,5,1,67,64,63,69,75,1,0,,,0
E03,31,1,1,63,70,66,78,65,1,0,,,0
E03,31,2,1,40,61,64,67,66,1,0,,,0
E03,31,3,1,65,68,76,75,68,1,0,,,0
E03,31,4,1,81,69,67,82,68,1,0,,,0
E03,31,5,1,68,68,77,77,70,1,0,,,0
E03,32,1,1,68,67,77,75,73,1,0,,,0
E03,32,2,1,64,63,72,76,78,1,0,,,0
E03,32,3,1,61,67,65,68,70,1,0,,,0
E03,32,4,1,62,78,67,73,65,1,0,,,0
E03,32,5,1,64,74,62,76,73,1,0,,,0
E03,33,1,1,62,66,68,67,65,1,0,,,0
E03,33,2,1,65,74,64,76,73,1,0,,,0
E03,33,3,1,44,43,42,61,42,1,0,,,0
E03,33,4,1,41,62,60,74,61,1,0,,,0
E03,33,5,1,32,38,62,63,59,1,0,,,0
E03,34,1,1,64,68,68,71,69,1,0,,,0
E03,34,2,1,64,76,60,75,85,1,0,,,0
E03,34,3,1,64,64,68,83,77,1,0,,,0
E03,34,4,1,37,63,41,69,76,1,0,,,0
E03,34,5,1,33,65,58,71,68,1,0,,,0
E03,35,1,1,64,66,68,75,72,1,0,,,0
E03,35,2,1,38,61,60,70,71,1,0,,,0
E03,35,3,1,38,61,39,63,66,1,0,,,0
E03,35,4,1,62,67,61,79,76,1,0,,,0
E03,35,5,1,59,67,60,80,68,1,0,,,0
E03,36,1,1,66,70,69,76,74,1,0,,,0
E03,36,2,1,63,67,65,65,66,1,0,,,0
E03,36,3,1,67,67,63,72,75,1,0,,,0
E03,36,4,1,41,75,62,70,72,1,0,,,0
E03,36,5,1,63,63,60,74,63,1,0,,,0
E03,37,1,1,62,62,64,77,66,1,0,,,0
E03,37,2,1,64,65,63,76,66,1,0,,,0
E03,37,3,1,65,62,68,74,72,1,0,,,0
E03,37,4,1,60,62,61,71,68,1,0,,,0
E03,37,5,1,61,59,67,79,68,1,0,,,0
E03,38,1,1,62,62,64,79,70,1,0,,,0
E03,38,2,1,62,64,69,79,75,1,0,,,0
E03,38,3,1,38,57,57,72,60,1,0,,,0
E03,38,4,1,61,62,61,78,72,1,0,,,0
E03,38,5,1,61,59,63,83,68,1,0,,,0
E03,39,1,1,62,75,67,82,50,1,0,,,0
E03,39,2,1,41,68,42,75,66,1,0,,,0
E03,39,3,1,63,64,65,80,75,1,0,,,0
E03,39,4,1,74,59,62,76,64,1,0,,,0
E03,39,5,1,64,61,61,76,72,1,0,,,0
E03,40,1,1,75,67,65,78,77,1,0,,,0
E03,40,2,0,,,,,,,,,,
E03,40,3,1,69,70,73,72,69,1,0,,,0
E03,40,4,0,,,,,,,,,,
E03,40,5,0,,,,,,,,,,
E03,41,1,0,,,,,,,,,,
E03,41,2,1,73,75,82,79,73,1,0,,,0
E03,41,3,1,79,73,85,78,76,1,0,,,0
E03,41,4,1,84,79,89,86,80,1,0,,,0
E03,41,5,0,,,,,,,,,,
E03,42,1,1,75,67,79,82,73,1,0,,,0
E03,42,2,1,63,72,70,76,75,1,0,,,0
E03,42,3,1,60,66,75,89,76,1,0,,,0
E03,42,4,1,41,64,61,81,77,1,0,,,0
E03,42,5,1,72,64,70,85,77,1,0,,,0
E04,1,1,1,0,66,57,81,65,0,,,,
E04,1,2,1,45,66,81,58,40,0,,,,
E04,1,3,0,,,,,,,,,,
E04,1,4,1,49,10,31,19,36,0,,,,
E04,1,5,0,,,,,,,,,,
E04,2,1,1,0,46,28,0,50,0,,,,
E04,2,2,1,0,34,23,0,28,0,,,,
E04,2,3,1,26,49,16,29,50,0,,,,
E04,2,4,1,25,49,26,4,20,0,,,,
E04,2,5,1,0,15,12,50,60,0,,,,
E04,3,1,1,13,15,9,50,39,0,,,,
E04,3,2,1,0,50,36,29,50,0,,,,
E04,3,3,1,45,64,42,64,80,0,,,,
E04,3,4,0,,,,,,,,,,
E04,3,5,1,57,41,48,18,60,1,1,1,0,0
E04,4,1,1,10,58,14,13,61,0,,,,
E04,4,2,1,17,65,36,43,69,1,1,1,0,0
E04,4,3,1,15,21,11,0,38,0,,,,
E04,4,4,1,0,60,24,64,66,0,,,,
E04,4,5,1,63,78,57,50,81,1,1,2,2,0
E04,5,1,1,2,58,36,64,59,0,,,,
E04,5,2,1,0,74,87,66,79,1,1,2,1,0
E04,5,3,1,58,58,11,67,53,0,,,,
E04,5,4,1,8,38,23,23,32,0,,,,
E04,5,5,1,12,67,15,73,56,0,,,,
E04,6,1,1,12,24,11,10,13,0,,,,
E04,6,2,1,0,15,7,8,10,0,,,,
E04,6,3,1,8,6,6,10,4,0,,,,
E04,6,4,0,,,,,,,,,,
E04,6,5,1,0,1,0,1,0,0,,,,
E04,7,1,1,10,7,7,12,13,0,,,,
E04,7,2,1,73,23,88,27,24,1,1,2,0,0
E04,7,3,1,67,18,84,29,32,1,1,1,0,0
E04,7,4,1,66,15,68,19,56,1,1,1,0,0
E04,7,5,1,17,71,61,53,67,0,,,,
E04,8,1,1,20,17,16,17,20,0,,,,
E04,8,2,1,7,54,48,7,34,0,,,,
E04,8,3,1,60,33,18,80,34,0,,,,
E04,8,4,1,35,25,18,63,40,0,,,,
E04,8,5,1,16,9,13,12,15,0,,,,
E04,9,1,1,12,50,20,18,50,0,,,,
E04,9,2,1,2,41,14,10,13,0,,,,
E04,9,3,1,8,9,17,10,13,0,,,,
E04,9,4,1,6,6,63,5,9,1,1,1,0,0
E04,9,5,1,11,29,52,10,18,0,,,,
E04,10,1,1,6,5,2,8,5,0,,,,
E04,10,2,1,6,9,6,6,10,0,,,,
E04,10,3,1,50,4,9,8,7,0,,,,
E04,10,4,0,,,,,,,,,,
E04,10,5,1,0,18,20,36,41,0,,,,
E04,11,1,1,14,53,5,52,50,0,,,,
E04,11,2,1,7,13,11,10,10,0,,,,
E04,11,3,0,,,,,,,,,,
E04,11,4,1,2,57,51,35,42,0,,,,
E04,11,5,1,8,13,8,8,8,0,,,,
E04,12,1,1,8,7,6,12,7,0,,,,
E04,12,2,1,14,12,12,15,11,0,,,,
E04,12,3,0,,,,,,,,,,
E04,12,4,0,,,,,,,,,,
E04,12,5,1,39,50,50,38,45,0,,,,
E04,13,1,1,11,53,14,30,12,0,,,,
E04,13,2,1,16,53,16,14,40,1,1,1,0,0
E04,13,3,1,13,12,8,10,13,0,,,,
E04,13,4,1,8,39,45,41,50,0,,,,
E04,13,5,0,,,,,,,,,,
E04,14,1,1,15,15,14,15,15,1,0,,,0
E04,14,2,1,12,20,13,17,17,0,,,,
E04,14,3,1,10,16,10,9,9,0,,,,
E04,14,4,1,11,29,8,13,18,0,,,,
E04,14,5,1,10,50,20,20,13,1,1,1,0,0
E04,15,1,1,9,39,37,35,24,0,,,,
E04,15,2,1,9,32,34,37,46,0,,,,
E04,15,3,1,16,18,16,16,19,0,,,,
E04,15,4,1,20,11,21,13,19,0,,,,
E04,15,5,1,13,26,25,50,16,0,,,,
E04,16,1,1,8,15,25,12,18,0,,,,
E04,16,2,1,12,14,8,24,21,0,,,,
E04,16,3,0,,,,,,,,,,
E04,16,4,1,0,38,5,19,18,0,,,,
E04,16,5,1,0,16,59,7,13,0,,,,
E04,17,1,0,,,,,,,,,,
E04,17,2,0,,,,,,,,,,
E04,17,3,1,2,14,18,7,10,0,,,,
E04,17,4,1,0,36,29,13,12,0,,,,
E04,17,5,1,7,58,59,32,29,0,,,,
E04,18,1,1,2,19,36,19,23,0,,,,
E04,18,2,1,3,13,64,24,17,0,,,,
E04,18,3,1,7,44,39,13,16,0,,,,
E04,18,4,1,19,21,72,24,19,1,1,1,0,0
E04,18,5,1,6,24,42,11,16,0,,,,
E04,19,1,0,,,,,,,,,,
E04,19,2,1,6,19,57,8,11,0,,,,
E04,19,3,1,30,5,20,40,12,0,,,,
E04,19,4,1,5,15,7,72,28,0,,,,
E04,19,5,1,30,9,8,67,18,0,,,,
E04,20,1,0,,,,,,,,,,
E04,20,2,1,0,12,27,10,12,1,0,,,0
E04,20,3,1,0,14,45,27,15,0,,,,
E04,20,4,1,9,14,20,4,7,0,,,,
E04,20,5,1,10,59,55,10,37,0,,,,
E04,21,1,1,7,9,20,30,29,0,,,,
E04,21,2,1,0,26,41,11,17,0,,,,
E04,21,3,1,6,53,51,10,20,0,,,,
E04,21,4,1,9,63,50,31,10,1,1,1,0,0
E04,21,5,1,2,76,69,56,60,0,,,,
E04,22,1,1,0,72,83,25,43,1,1,0,,0
E04,22,2,1,11,37,43,26,27,0,,,,
E04,22,3,1,10,9,12,10,16,0,,,,
E04,22,4,0,,,,,,,,,,
E04,22,5,1,6,33,61,30,53,1,1,2,1,0
E04,23,1,0,,,,,,,,,,
E04,23,2,0,,,,,,,,,,
E04,23,3,1,7,39,73,29,25,1,1,1,0,
E04,23,4,1,3,31,62,28,42,0,,,,
E04,23,5,1,7,9,46,7,38,0,,,,
E04,24,1,1,0,12,47,12,37,0,,,,
E04,24,2,1,7,7,57,26,13,0,,,,
E04,24,3,0,,,,,,,,,,
E04,24,4,1,9,11,12,14,13,0,,,,
E04,24,5,1,3,7,24,4,1,0,,,,
E04,25,1,1,9,63,60,21,72,0,,,,
E04,25,2,1,9,11,29,14,22,0,,,,
E04,25,3,1,22,7,41,8,12,0,,,,
E04,25,4,1,6,38,67,18,13,0,,,,
E04,25,5,0,,,,,,,,,,
E04,26,1,0,,,,,,,,,,
E04,26,2,1,0,6,41,34,50,0,,,,
E04,26,3,1,7,41,19,11,17,0,,,,
E04,26,4,1,7,40,33,38,5,0,,,,
E04,26,5,1,10,10,12,11,8,0,,,,
E04,27,1,1,4,60,54,27,17,0,,,,
E04,27,2,1,7,60,50,18,10,0,,,,
E04,27,3,1,0,56,50,17,50,1,1,0,,0
E04,27,4,1,38,57,50,20,14,0,,,,
E04,27,5,1,7,9,29,8,9,0,,,,
E04,28,1,1,1,4,37,16,14,1,0,,,0
E04,28,2,1,4,12,13,12,13,0,,,,
E04,28,3,1,9,10,35,13,15,0,,,,
E04,28,4,1,12,9,10,8,9,0,,,,
E04,28,5,1,15,32,21,50,30,0,,,,
E04,29,1,1,9,13,41,57,44,0,,,,
E04,29,2,0,,,,,,,,,,
E04,29,3,1,69,64,79,65,34,0,,,,
E04,29,4,1,6,6,42,21,13,0,,,,
E04,29,5,1,4,77,54,58,60,0,,,,
E04,30,1,0,,,,,,,,,,
E04,30,2,0,,,,,,,,,,
E04,30,3,1,6,17,14,33,11,0,,,,
E04,30,4,1,3,8,30,10,10,0,,,,
E04,30,5,1,0,6,15,15,10,0,,,,
E04,31,1,0,,,,,,,,,,
E04,31,2,0,,,,,,,,,,
E04,31,3,1,6,20,33,20,24,0,,,,
E04,31,4,1,4,71,93,20,24,1,1,2,1,0
E04,31,5,1,6,90,91,62,76,1,1,1,0,0
E04,32,1,0,,,,,,,,,,
E04,32,2,1,9,39,69,62,36,0,,,,
E04,32,3,0,,,,,,,,,,
E04,32,4,0,,,,,,,,,,
E04,32,5,1,4,22,30,13,9,0,,,,
E04,33,1,0,,,,,,,,,,
E04,33,2,0,,,,,,,,,,
E04,33,3,1,9,47,34,27,36,0,,,,
E04,33,4,1,3,15,17,11,7,0,,,,
E04,33,5,1,5,16,17,22,15,0,,,,
E04,34,1,1,6,39,50,55,34,0,,,,
E04,34,2,1,11,28,35,41,26,0,,,,
E04,34,3,1,0,27,54,34,13,0,,,,
E04,34,4,0,,,,,,,,,,
E04,34,5,0,,,,,,,,,,
E04,35,1,1,9,14,81,11,14,0,,,,
E04,35,2,1,7,8,37,20,8,0,,,,
E04,35,3,1,0,11,23,15,20,0,,,,
E04,35,4,0,,,,,,,,,,
E04,35,5,0,,,,,,,,,,
E04,36,1,1,9,8,24,40,25,0,,,,
E04,36,2,1,5,7,13,23,7,1,0,,,0
E04,36,3,1,4,21,42,29,26,0,,,,
E04,36,4,1,0,30,20,6,21,0,,,,
E04,36,5,0,,,,,,,,,,
E04,37,1,0,,,,,,,,,,
E04,37,2,0,,,,,,,,,,
E04,37,3,1,7,13,30,13,11,0,,,,
E04,37,4,0,,,,,,,,,,
E04,37,5,0,,,,,,,,,,
E04,38,1,1,3,4,6,17,6,0,,,,
E04,38,2,0,,,,,,,,,,
E04,38,3,1,1,9,12,11,10,0,,,,
E04,38,4,0,,,,,,,,,,
E04,38,5,1,6,6,4,6,3,0,,,,
E04,39,1,0,,,,,,,,,,
E04,39,2,0,,,,,,,,,,
E04,39,3,1,7,9,9,25,7,0,,,,
E04,39,4,0,,,,,,,,,,
E04,39,5,1,3,10,9,10,12,0,,,,
E04,40,1,0,,,,,,,,,,
E04,40,2,1,2,7,20,10,7,0,,,,
E04,40,3,0,,,,,,,,,,
E04,40,4,1,2,22,11,13,7,0,,,,
E04,40,5,1,6,8,9,9,9,0,,,,
E04,41,1,0,,,,,,,,,,
E04,41,2,0,,,,,,,,,,
E04,41,3,1,6,8,9,11,9,0,,,,
E04,41,4,1,7,10,8,20,10,0,,,,
E04,41,5,0,,,,,,,,,,
E04,42,1,0,,,,,,,,,,
E04,42,2,0,,,,,,,,,,
E04,42,3,1,6,9,7,8,21,0,,,,
E04,42,4,1,12,9,6,15,8,0,,,,
E04,42,5,1,12,10,12,12,12,0,,,,
E05,1,1,1,21,0,0,0,15,0,,,,
E05,1,2,1,10,0,0,10,1,0,,,,
E05,1,3,1,10,0,0,0,0,0,,,,
E05,1,4,1,20,0,10,0,0,0,,,,
E05,1,5,1,5,15,0,0,10,0,,,,
E05,2,1,0,,,,,,,,,,
E05,2,2,1,10,25,15,60,0,0,,,,
E05,2,3,1,0,20,0,25,15,0,,,,
E05,2,4,1,20,0,10,15,0,0,,,,
E05,2,5,1,0,0,0,0,0,0,,,,
E05,3,1,1,15,10,10,0,0,0,,,,
E05,3,2,1,29,0,10,0,10,0,,,,
E05,3,3,1,25,0,10,0,0,0,,,,
E05,3,4,1,30,60,90,20,25,0,,,,
E05,3,5,1,10,0,30,15,20,0,,,,
E05,4,1,0,,,,,,,,,,
E05,4,2,1,5,5,10,0,5,0,,,,
E05,4,3,1,10,0,20,0,0,0,,,,
E05,4,4,0,,,,,,,,,,
E05,4,5,1,10,10,20,20,40,0,,,,
E05,5,1,1,0,0,0,0,0,1,0,,,0
E05,5,2,1,5,0,0,0,0,0,,,,
E05,5,3,1,0,5,5,0,0,0,,,,
E05,5,4,1,0,5,5,0,0,0,,,,
E05,5,5,1,0,0,0,0,0,0,,,,
E05,6,1,1,10,0,0,0,20,0,,,,
E05,6,2,1,5,0,5,5,0,0,,,,
E05,6,3,1,0,0,5,0,0,1,1,1,0,0
E05,6,4,1,0,0,0,0,0,0,,,,
E05,6,5,1,5,0,5,0,0,0,,,,
E05,7,1,1,20,0,15,0,0,0,,,,
E05,7,2,1,5,0,0,0,0,0,,,,
E05,7,3,1,3,0,0,0,0,0,,,,
E05,7,4,1,0,10,9,5,0,0,,,,
E05,7,5,1,0,0,5,15,10,0,,,,
E05,8,1,1,0,5,5,0,5,0,,,,
E05,8,2,1,0,0,0,0,0,0,,,,
E05,8,3,1,5,0,0,5,10,0,,,,
E05,8,4,1,0,5,5,5,5,0,,,,
E05,8,5,1,5,0,1,15,5,0,,,,
E05,9,1,1,5,0,5,5,0,0,,,,
E05,9,2,1,5,0,10,0,0,0,,,,
E05,9,3,1,30,20,0,0,0,0,,,,
E05,9,4,1,0,0,0,0,0,0,,,,
E05,9,5,1,0,0,0,55,10,0,,,,
E05,10,1,0,,,,,,,,,,
E05,10,2,1,0,0,0,0,0,0,,,,
E05,10,3,1,0,0,0,0,0,0,,,,
E05,10,4,1,0,0,0,0,25,0,,,,
E05,10,5,1,70,60,80,30,65,0,,,,
E05,11,1,0,,,,,,,,,,
E05,11,2,1,5,5,5,0,0,0,,,,
E05,11,3,1,0,0,1,0,0,0,,,,
E05,11,4,1,0,0,0,0,0,0,,,,
E05,11,5,1,0,0,0,0,0,0,,,,
E05,12,1,1,1,0,0,0,0,0,,,,
E05,12,2,1,0,0,0,0,0,0,,,,
E05,12,3,1,0,0,0,0,0,0,,,,
E05,12,4,1,0,0,0,0,0,0,,,,
E05,12,5,1,0,0,0,0,0,0,,,,
E05,13,1,1,0,10,0,0,0,1,0,,,0
E05,13,2,1,0,0,0,10,0,0,,,,
E05,13,3,1,0,0,15,0,10,1,1,0,,0
E05,13,4,1,0,20,20,10,20,0,,,,
E05,13,5,1,0,0,0,0,0,0,,,,
E05,14,1,1,15,0,0,0,0,0,,,,
E05,14,2,1,0,0,0,0,0,0,,,,
E05,14,3,1,0,0,0,0,0,0,,,,
E05,14,4,1,0,0,0,0,0,0,,,,
E05,14,5,1,0,0,0,0,0,0,,,,
E05,15,1,1,0,0,0,0,0,0,,,,
E05,15,2,1,20,10,0,10,10,0,,,,
E05,15,3,1,0,0,0,0,0,0,,,,
E05,15,4,1,5,0,0,0,10,0,,,,
E05,15,5,1,0,0,0,0,0,0,,,,
E05,16,1,1,10,5,5,5,0,0,,,,
E05,16,2,1,5,5,0,10,5,0,,,,
E05,16,3,1,5,0,0,0,0,0,,,,
E05,16,4,1,0,0,0,0,0,0,,,,
E05,16,5,0,,,,,,,,,,
E05,17,1,0,,,,,,,,,,
E05,17,2,0,,,,,,,,,,
E05,17,3,0,,,,,,,,,,
E05,17,4,1,0,0,0,0,0,0,,,,
E05,17,5,1,0,0,0,0,0,0,,,,
E05,18,1,1,0,0,0,0,0,0,,,,
E05,18,2,1,0,0,0,0,0,0,,,,
E05,18,3,1,0,0,0,0,0,0,,,,
E05,18,4,1,10,0,0,0,0,0,,,,
E05,18,5,1,0,0,0,0,5,0,,,,
E05,19,1,1,0,0,0,0,0,0,,,,
E05,19,2,1,0,0,0,0,0,0,,,,
E05,19,3,1,0,0,0,0,0,0,,,,
E05,19,4,1,15,0,0,0,0,0,,,,
E05,19,5,1,20,0,0,0,0,0,,,,
E05,20,1,1,0,0,0,0,0,0,,,,
E05,20,2,1,0,0,0,0,0,0,,,,
E05,20,3,1,0,0,0,0,0,0,,,,
E05,20,4,1,0,0,20,0,0,0,,,,
E05,20,5,1,5,0,0,0,10,0,,,,
E05,21,1,0,,,,,,,,,,
E05,21,2,1,0,5,0,0,10,0,,,,
E05,21,3,0,,,,,,,,,,
E05,21,4,1,0,0,0,0,0,0,,,,
E05,21,5,1,0,0,0,0,0,0,,,,
E05,22,1,1,0,0,0,0,0,0,,,,
E05,22,2,1,0,0,0,0,0,0,,,,
E05,22,3,1,10,10,0,0,20,0,,,,
E05,22,4,1,0,10,0,0,20,0,,,,
E05,22,5,1,0,0,0,0,0,0,,,,
E05,23,1,0,,,,,,,,,,
E05,23,2,1,0,0,0,0,0,0,,,,
E05,23,3,1,0,5,0,0,0,0,,,,
E05,23,4,1,15,0,0,0,0,1,2,0,,0
E05,23,5,1,0,0,0,0,0,0,,,,
E05,24,1,0,,,,,,,,,,
E05,24,2,1,0,0,0,0,0,0,,,,
E05,24,3,1,0,0,0,5,0,0,,,,
E05,24,4,1,0,0,0,0,0,0,,,,
E05,24,5,0,,,,,,,,,,
E05,25,1,0,,,,,,,,,,
E05,25,2,1,5,0,0,0,0,0,,,,
E05,25,3,1,0,0,0,0,0,0,,,,
E05,25,4,1,0,0,0,0,0,0,,,,
E05,25,5,1,0,0,0,0,0,0,,,,
E05,26,1,0,,,,,,,,,,
E05,26,2,1,0,0,0,10,0,0,,,,
E05,26,3,1,0,10,0,0,0,0,,,,
E05,26,4,0,,,,,,,,,,
E05,26,5,1,15,0,0,0,5,0,,,,
E05,27,1,1,5,0,0,0,0,0,,,,
E05,27,2,1,0,0,0,10,10,0,,,,
E05,27,3,1,0,5,0,5,5,0,,,,
E05,27,4,0,,,,,,,,,,
E05,27,5,1,0,0,0,0,0,0,,,,
E05,28,1,0,,,,,,,,,,
E05,28,2,1,0,0,0,0,0,0,,,,
E05,28,3,1,0,0,0,0,0,0,,,,
E05,28,4,1,0,0,5,0,0,0,,,,
E05,28,5,0,,,,,,,,,,
E05,29,1,1,10,0,0,0,0,0,,,,
E05,29,2,1,0,0,0,5,0,0,,,,
E05,29,3,1,20,0,0,0,0,0,,,,
E05,29,4,1,5,0,0,0,0,0,,,,
E05,29,5,1,5,0,0,0,0,0,,,,
E05,30,1,1,0,0,0,1,0,0,,,,
E05,30,2,1,0,0,0,0,0,0,,,,
E05,30,3,1,0,0,0,0,0,0,,,,
E05,30,4,1,0,0,0,0,10,0,,,,
E05,30,5,0,,,,,,,,,,
E05,31,1,1,0,0,0,0,0,0,,,,
E05,31,2,1,0,0,0,0,0,0,,,,
E05,31,3,1,0,1,0,0,0,0,,,,
E05,31,4,1,0,0,0,0,0,0,,,,
E05,31,5,1,0,0,0,0,0,0,,,,
E05,32,1,0,,,,,,,,,,
E05,32,2,0,,,,,,,,,,
E05,32,3,1,0,0,5,0,0,0,,,,
E05,32,4,1,5,0,0,1,0,0,,,,
E05,32,5,1,5,0,5,0,5,0,,,,
E05,33,1,1,0,0,0,5,0,0,,,,
E05,33,2,1,0,0,0,0,10,0,,,,
E05,33,3,1,0,0,5,5,0,0,,,,
E05,33,4,1,0,0,0,0,0,0,,,,
E05,33,5,1,0,0,5,5,0,0,,,,
E05,34,1,1,0,0,0,0,0,0,,,,
E05,34,2,1,5,5,0,5,0,0,,,,
E05,34,3,1,10,0,0,0,0,0,,,,
E05,34,4,1,5,0,0,0,5,0,,,,
E05,34,5,1,10,0,0,0,5,0,,,,
E05,35,1,1,0,0,0,0,0,0,,,,
E05,35,2,1,0,0,0,0,0,0,,,,
E05,35,3,1,0,0,0,0,0,0,,,,
E05,35,4,1,0,0,0,0,0,0,,,,
E05,35,5,0,,,,,,,,,,
E05,36,1,1,0,0,0,0,5,0,,,,
E05,36,2,1,0,0,0,0,0,0,,,,
E05,36,3,1,10,0,0,1,0,0,,,,
E05,36,4,1,5,5,0,0,0,0,,,,
E05,36,5,1,0,0,0,0,0,0,,,,
E05,37,1,1,0,0,0,0,0,0,,,,
E05,37,2,0,,,,,,,,,,
E05,37,3,1,0,5,0,0,5,0,,,,
E05,37,4,0,,,,,,,,,,
E05,37,5,1,0,0,0,0,5,0,,,,
E05,38,1,0,,,,,,,,,,
E05,38,2,1,0,0,0,0,5,0,,,,
E05,38,3,1,5,0,0,0,0,0,,,,
E05,38,4,1,0,0,0,0,0,0,,,,
E05,38,5,1,0,0,0,0,0,0,,,,
E05,39,1,0,,,,,,,,,,
E05,39,2,1,0,0,0,0,0,0,,,,
E05,39,3,1,0,0,0,0,0,0,,,,
E05,39,4,1,0,0,0,0,0,0,,,,
E05,39,5,1,15,0,0,20,30,0,,,,
E05,40,1,0,,,,,,,,,,
E05,40,2,1,0,0,0,0,0,0,,,,
E05,40,3,1,0,0,0,0,0,0,,,,
E05,40,4,1,0,0,0,0,0,0,,,,
E05,40,5,1,10,0,0,0,0,0,,,,
E05,41,1,1,0,0,0,0,0,0,,,,
E05,41,2,1,0,0,20,0,0,0,,,,
E05,41,3,1,0,0,10,0,0,0,,,,
E05,41,4,1,0,0,10,0,0,0,,,,
E05,41,5,1,0,0,0,0,0,0,,,,
E05,42,1,0,,,,,,,,,,
E05,42,2,1,5,0,5,0,0,0,,,,
E05,42,3,1,0,0,0,0,0,0,,,,
E05,42,4,1,0,0,0,0,0,0,,,,
E05,42,5,1,0,0,0,0,0,0,,,,
E06,1,1,1,0,29,50,30,44,0,,,,
E06,1,2,0,,,,,,,,,,
E06,1,3,1,0,0,63,34,0,0,,,,
E06,1,4,1,22,27,84,11,0,1,0,,,0
E06,1,5,1,12,0,73,0,0,0,,,,
E06,2,1,1,4,30,65,0,50,0,,,,
E06,2,2,0,,,,,,,,,,
E06,2,3,1,50,73,87,24,0,1,1,2,1,0
E06,2,4,1,25,26,81,67,57,1,0,,,0
E06,2,5,1,0,50,54,39,9,0,,,,
E06,3,1,1,29,26,65,64,46,0,,,,
E06,3,2,1,94,0,89,100,0,0,,,,
E06,3,3,0,,,,,,,,,,
E06,3,4,1,26,0,71,79,9,0,,,,
E06,3,5,1,0,0,67,70,0,0,,,,
E06,4,1,1,6,8,52,50,6,0,,,,
E06,4,2,1,14,14,83,61,0,0,,,,
E06,4,3,1,11,0,63,65,0,0,,,,
E06,4,4,1,10,14,71,78,11,0,,,,
E06,4,5,1,0,0,69,52,0,0,,,,
E06,5,1,1,21,0,58,61,0,0,,,,
E06,5,2,1,32,0,74,80,0,0,,,,
E06,5,3,1,12,7,71,38,0,0,,,,
E06,5,4,1,27,0,63,59,0,0,,,,
E06,5,5,1,4,0,42,33,0,0,,,,
E06,6,1,0,,,,,,,,,,
E06,6,2,1,0,0,76,80,0,0,,,,
E06,6,3,1,0,0,62,70,0,0,,,,
E06,6,4,1,9,0,38,73,0,0,,,,
E06,6,5,1,1,15,73,58,0,0,,,,
E06,7,1,1,0,2,77,69,0,0,,,,
E06,7,2,0,,,,,,,,,,
E06,7,3,1,0,0,30,33,0,0,,,,
E06,7,4,1,2,68,82,65,4,1,1,2,1,0
E06,7,5,1,0,0,76,57,2,0,,,,
E06,8,1,0,,,,,,,,,,
E06,8,2,1,31,64,72,61,0,0,,,,
E06,8,3,1,13,0,70,37,0,0,,,,
E06,8,4,1,10,0,18,66,0,0,,,,
E06,8,5,1,0,0,61,76,0,0,,,,
E06,9,1,0,,,,,,,,,,
E06,9,2,1,0,0,57,74,0,0,,,,
E06,9,3,1,0,0,62,31,0,0,,,,
E06,9,4,1,3,2,32,42,7,0,,,,
E06,9,5,1,0,0,24,72,0,0,,,,
E06,10,1,0,,,,,,,,,,
E06,10,2,1,0,12,23,5,0,0,,,,
E06,10,3,1,0,0,30,36,0,0,,,,
E06,10,4,1,0,0,33,62,0,0,,,,
E06,10,5,1,2,5,36,67,4,0,,,,
E06,11,1,0,,,,,,,,,,
E06,11,2,1,0,0,39,59,0,0,,,,
E06,11,3,1,0,42,66,75,25,0,,,,
E06,11,4,1,13,15,62,78,0,1,1,1,0,0
E06,11,5,1,23,21,36,46,1,0,,,,
E06,12,1,0,,,,,,,,,,
E06,12,2,0,,,,,,,,,,
E06,12,3,1,3,0,29,66,0,0,,,,
E06,12,4,1,29,0,20,63,0,1,0,,,0
E06,12,5,1,0,0,41,41,0,0,,,,
E06,13,1,0,,,,,,,,,,
E06,13,2,1,0,0,42,46,5,0,,,,
E06,13,3,1,0,0,44,61,0,0,,,,
E06,13,4,1,0,0,23,0,0,0,,,,
E06,13,5,1,3,0,31,31,0,0,,,,
E06,14,1,0,,,,,,,,,,
E06,14,2,0,,,,,,,,,,
E06,14,3,1,17,0,26,1,9,0,,,,
E06,14,4,1,0,0,0,0,0,0,,,,
E06,14,5,1,4,0,33,24,0,0,,,,
E06,15,1,0,,,,,,,,,,
E06,15,2,1,5,8,63,58,0,0,,,,
E06,15,3,0,,,,,,,,,,
E06,15,4,1,5,0,30,73,45,0,,,,
E06,15,5,1,16,0,31,75,5,0,,,,
E06,16,1,1,46,6,44,33,0,0,,,,
E06,16,2,0,,,,,,,,,,
E06,16,3,1,0,0,63,41,2,0,,,,
E06,16,4,1,10,8,55,34,35,0,,,,
E06,16,5,1,20,20,73,33,31,0,,,,
E06,17,1,0,,,,,,,,,,
E06,17,2,1,0,22,39,62,12,0,,,,
E06,17,3,0,,,,,,,,,,
E06,17,4,1,0,0,29,68,0,0,,,,
E06,17,5,1,1,0,25,37,0,0,,,,
E06,18,1,0,,,,,,,,,,
E06,18,2,1,0,0,33,44,0,0,,,,
E06,18,3,1,6,0,42,65,0,0,,,,
E06,18,4,1,0,0,27,26,0,0,,,,
E06,18,5,0,,,,,,,,,,
E06,19,1,1,0,63,27,60,46,0,,,,
E06,19,2,0,,,,,,,,,,
E06,19,3,1,0,8,38,41,0,1,1,0,,0
E06,19,4,1,0,0,42,69,0,0,,,,
E06,19,5,1,0,7,32,29,0,0,,,,
E06,20,1,0,,,,,,,,,,
E06,20,2,1,54,30,64,70,2,0,,,,
E06,20,3,0,,,,,,,,,,
E06,20,4,0,,,,,,,,,,
E06,20,5,0,,,,,,,,,,
E06,21,1,1,0,1,13,24,0,0,,,,
E06,21,2,1,5,0,20,11,0,0,,,,
E06,21,3,0,,,,,,,,,,
E06,21,4,1,23,0,30,41,0,0,,,,
E06,21,5,1,20,0,20,13,0,0,,,,
E06,22,1,0,,,,,,,,,,
E06,22,2,1,0,26,25,13,0,1,0,,,0
E06,22,3,0,,,,,,,,,,
E06,22,4,1,0,0,18,0,0,0,,,,
E06,22,5,1,0,0,38,0,0,0,,,,
E06,23,1,0,,,,,,,,,,
E06,23,2,0,,,,,,,,,,
E06,23,3,0,,,,,,,,,,
E06,23,4,0,,,,,,,,,,
E06,23,5,0,,,,,,,,,,
E06,24,1,0,,,,,,,,,,
E06,24,2,0,,,,,,,,,,
E06,24,3,0,,,,,,,,,,
E06,24,4,1,0,0,5,0,0,0,,,,
E06,24,5,1,0,0,34,44,2,0,,,,
E06,25,1,1,0,17,17,29,55,0,,,,
E06,25,2,1,16,3,35,20,62,0,,,,
E06,25,3,1,0,9,23,43,50,0,,,,
E06,25,4,0,,,,,,,,,,
E06,25,5,1,0,0,27,41,61,0,,,,
E06,26,1,0,,,,,,,,,,
E06,26,2,0,,,,,,,,,,
E06,26,3,1,0,7,41,58,40,0,,,,
E06,26,4,0,,,,,,,,,,
E06,26,5,1,9,0,29,45,53,0,,,,
E06,27,1,0,,,,,,,,,,
E06,27,2,1,0,0,35,66,30,1,0,,,0
E06,27,3,1,0,0,39,57,57,0,,,,
E06,27,4,1,0,1,16,55,39,0,,,,
E06,27,5,1,0,0,26,46,44,0,,,,
E06,28,1,1,0,15,27,34,37,0,,,,
E06,28,2,0,,,,,,,,,,
E06,28,3,1,0,0,34,48,25,0,,,,
E06,28,4,1,3,2,37,70,41,0,,,,
E06,28,5,0,,,,,,,,,,
E06,29,1,1,5,0,61,77,61,0,,,,
E06,29,2,0,,,,,,,,,,
E06,29,3,1,39,0,35,63,50,0,,,,
E06,29,4,0,,,,,,,,,,
E06,29,5,1,0,0,25,17,41,0,,,,
E06,30,1,0,,,,,,,,,,
E06,30,2,0,,,,,,,,,,
E06,30,3,1,0,0,55,78,63,0,,,,
E06,30,4,1,0,0,36,63,40,0,,,,
E06,30,5,1,7,0,32,73,63,0,,,,
E06,31,1,0,,,,,,,,,,
E06,31,2,1,2,29,0,62,79,0,,,,
E06,31,3,1,0,13,37,67,62,0,,,,
E06,31,4,1,0,0,69,77,67,0,,,,
E06,31,5,1,0,4,43,64,68,0,,,,
E06,32,1,1,0,0,59,61,60,0,,,,
E06,32,2,1,0,0,74,81,62,0,,,,
E06,32,3,1,0,0,63,71,75,0,,,,
E06,32,4,1,0,0,70,75,79,0,,,,
E06,32,5,1,0,0,42,60,66,0,,,,
E06,33,1,0,,,,,,,,,,
E06,33,2,1,0,0,29,67,25,0,,,,
E06,33,3,1,0,0,35,64,65,0,,,,
E06,33,4,1,0,0,14,40,66,0,,,,
E06,33,5,1,0,0,15,60,33,0,,,,
E06,34,1,1,0,0,41,87,34,0,,,,
E06,34,2,1,0,0,72,27,56,0,,,,
E06,34,3,1,0,0,37,67,31,0,,,,
E06,34,4,1,0,1,26,67,30,0,,,,
E06,34,5,1,2,6,38,61,69,0,,,,
E06,35,1,0,,,,,,,,,,
E06,35,2,1,0,0,30,64,40,0,,,,
E06,35,3,1,0,11,26,10,33,0,,,,
E06,35,4,1,2,0,27,25,21,0,,,,
E06,35,5,0,,,,,,,,,,
E06,36,1,1,4,7,6,20,30,0,,,,
E06,36,2,0,,,,,,,,,,
E06,36,3,1,5,0,22,41,21,0,,,,
E06,36,4,1,63,4,66,22,0,0,,,,
E06,36,5,1,3,0,30,19,25,0,,,,
E06,37,1,0,,,,,,,,,,
E06,37,2,1,0,0,26,39,18,0,,,,
E06,37,3,1,0,0,28,59,25,0,,,,
E06,37,4,1,10,5,11,44,22,0,,,,
E06,37,5,1,2,2,24,38,29,0,,,,
E06,38,1,1,0,0,22,60,20,0,,,,
E06,38,2,1,14,8,33,62,21,0,,,,
E06,38,3,1,0,0,26,69,25,0,,,,
E06,38,4,1,0,0,20,59,2,0,,,,
E06,38,5,0,,,,,,,,,,
E06,39,1,0,,,,,,,,,,
E06,39,2,1,0,2,100,23,34,0,,,,
E06,39,3,0,,,,,,,,,,
E06,39,4,1,0,0,15,22,23,0,,,,
E06,39,5,1,1,0,15,0,21,0,,,,
E06,40,1,1,0,0,17,13,3,0,,,,
E06,40,2,1,0,1,8,13,12,0,,,,
E06,40,3,0,,,,,,,,,,
E06,40,4,0,,,,,,,,,,
E06,40,5,1,0,0,18,17,13,0,,,,
E06,41,1,1,0,5,21,22,23,0,,,,
E06,41,2,1,0,1,13,6,12,0,,,,
E06,41,3,0,,,,,,,,,,
E06,41,4,0,,,,,,,,,,
E06,41,5,1,0,2,19,34,45,0,,,,
E06,42,1,1,0,0,7,16,20,0,,,,
E06,42,2,1,6,15,15,11,6,0,,,,
E06,42,3,0,,,,,,,,,,
E06,42,4,1,57,0,28,29,61,0,,,,
E06,42,5,0,,,,,,,,,,
E07,1,1,1,0,8,7,11,0,0,,,,
E07,1,2,1,6,15,1,9,0,0,,,,
E07,1,3,1,0,0,0,0,1,0,,,,
E07,1,4,1,0,11,0,8,0,0,,,,
E07,1,5,0,,,,,,,,,,
E07,2,1,1,7,0,0,0,0,0,,,,
E07,2,2,1,0,0,0,0,0,0,,,,
E07,2,3,1,15,20,4,2,19,1,0,,,0
E07,2,4,1,0,16,7,0,12,0,,,,
E07,2,5,1,0,0,4,0,3,0,,,,
E07,3,1,1,0,11,0,0,0,0,,,,
E07,3,2,1,0,21,0,0,0,0,,,,
E07,3,3,1,0,15,0,0,0,0,,,,
E07,3,4,1,0,0,0,0,0,1,0,,,0
E07,3,5,1,0,0,10,19,0,1,0,,,0
E07,4,1,1,0,0,0,0,0,0,,,,
E07,4,2,1,10,8,14,0,0,0,,,,
E07,4,3,1,0,37,1,7,10,1,0,,,0
E07,4,4,1,0,29,7,0,26,1,0,,,0
E07,4,5,0,,,,,,,,,,
E07,5,1,1,0,22,0,0,0,0,,,,
E07,5,2,1,0,0,0,0,0,1,0,,,0
E07,5,3,1,0,24,2,0,5,1,0,,,0
E07,5,4,1,0,35,0,15,10,0,,,,
E07,5,5,0,,,,,,,,,,
E07,6,1,1,0,0,0,0,0,1,0,,,0
E07,6,2,1,0,22,0,0,0,0,,,,
E07,6,3,1,0,0,0,19,0,0,,,,
E07,6,4,0,,,,,,,,,,
E07,6,5,1,0,7,18,16,16,0,,,,
E07,7,1,1,0,13,9,14,0,0,,,,
E07,7,2,1,0,27,7,0,0,0,,,,
E07,7,3,1,0,34,0,17,0,0,,,,
E07,7,4,1,0,22,0,12,4,1,0,,,0
E07,7,5,1,0,17,0,0,0,0,,,,
E07,8,1,1,0,0,0,0,0,0,,,,
E07,8,2,1,0,12,0,0,0,0,,,,
E07,8,3,1,0,8,0,0,0,0,,,,
E07,8,4,0,,,,,,,,,,
E07,8,5,1,0,0,0,0,0,0,,,,
E07,9,1,0,,,,,,,,,,
E07,9,2,1,0,10,0,16,1,0,,,,
E07,9,3,0,,,,,,,,,,
E07,9,4,1,0,20,0,0,0,0,,,,
E07,9,5,1,0,0,0,0,13,1,0,,,0
E07,10,1,1,0,16,2,0,0,1,0,,,0
E07,10,2,1,0,0,0,0,0,0,,,,
E07,10,3,1,0,0,6,0,0,1,0,,,0
E07,10,4,1,0,12,23,0,0,1,0,,,0
E07,10,5,1,0,0,14,0,0,1,0,,,0
E07,11,1,1,0,13,0,0,0,0,,,,
E07,11,2,0,,,,,,,,,,
E07,11,3,1,0,18,0,0,0,0,,,,
E07,11,4,1,0,2,0,0,0,0,,,,
E07,11,5,1,0,11,0,0,0,0,,,,
E07,12,1,1,0,12,7,0,0,0,,,,
E07,12,2,1,0,2,3,0,0,0,,,,
E07,12,3,1,0,11,0,0,0,0,,,,
E07,12,4,1,0,12,4,0,0,0,,,,
E07,12,5,1,0,2,0,2,2,0,,,,
E07,13,1,1,0,0,0,11,0,0,,,,
E07,13,2,0,,,,,,,,,,
E07,13,3,1,0,0,0,0,0,0,,,,
E07,13,4,1,0,0,0,0,10,0,,,,
E07,13,5,1,0,0,5,0,0,0,,,,
E07,14,1,1,0,0,0,0,0,0,,,,
E07,14,2,1,0,0,0,5,0,0,,,,
E07,14,3,1,0,0,0,0,0,0,,,,
E07,14,4,1,0,6,5,0,0,0,,,,
E07,14,5,1,0,14,5,0,4,0,,,,
E07,15,1,1,0,0,4,0,0,0,,,,
E07,15,2,0,,,,,,,,,,
E07,15,3,1,0,2,5,0,7,0,,,,
E07,15,4,1,10,0,23,0,0,1,1,0,,0
E07,15,5,1,0,0,19,8,0,0,,,,
E07,16,1,1,0,12,0,0,0,0,,,,
E07,16,2,0,,,,,,,,,,
E07,16,3,1,0,7,0,0,0,0,,,,
E07,16,4,1,0,0,6,9,0,0,,,,
E07,16,5,1,0,8,0,0,0,0,,,,
E07,17,1,1,0,18,0,0,0,0,,,,
E07,17,2,1,0,17,11,0,0,1,0,,,0
E07,17,3,1,0,7,11,0,0,0,,,,
E07,17,4,0,,,,,,,,,,
E07,17,5,1,0,0,0,6,0,0,,,,
E07,18,1,1,0,14,0,0,0,0,,,,
E07,18,2,0,,,,,,,,,,
E07,18,3,1,6,0,0,5,0,1,0,,,0
E07,18,4,1,0,7,0,0,0,0,,,,
E07,18,5,1,0,0,7,0,0,0,,,,
E07,19,1,1,4,0,0,0,8,0,,,,
E07,19,2,1,0,10,0,0,12,1,0,,,0
E07,19,3,1,0,0,5,0,8,0,,,,
E07,19,4,1,0,0,0,9,0,0,,,,
E07,19,5,1,0,9,0,0,0,0,,,,
E07,20,1,1,0,10,0,0,0,0,,,,
E07,20,2,1,8,7,0,0,0,0,,,,
E07,20,3,1,0,11,0,0,0,0,,,,
E07,20,4,1,0,16,0,0,0,0,,,,
E07,20,5,1,0,5,0,0,0,0,,,,
E07,21,1,1,0,6,6,0,0,0,,,,
E07,21,2,1,0,18,0,0,0,0,,,,
E07,21,3,1,0,6,0,0,0,0,,,,
E07,21,4,1,0,0,0,0,0,0,,,,
E07,21,5,1,0,4,0,0,0,0,,,,
E07,22,1,1,0,10,4,0,0,0,,,,
E07,22,2,0,,,,,,,,,,
E07,22,3,1,0,0,10,0,5,0,,,,
E07,22,4,1,0,0,0,0,8,0,,,,
E07,22,5,1,0,0,0,4,0,1,0,,,0
E07,23,1,1,0,0,0,4,2,0,,,,
E07,23,2,1,0,0,0,0,0,0,,,,
E07,23,3,1,5,0,0,0,0,0,,,,
E07,23,4,1,4,3,4,0,0,0,,,,
E07,23,5,1,0,0,0,0,0,0,,,,
E07,24,1,0,,,,,,,,,,
E07,24,2,1,0,6,0,0,0,0,,,,
E07,24,3,1,0,10,0,0,0,0,,,,
E07,24,4,1,0,2,0,0,0,0,,,,
E07,24,5,1,0,0,4,0,9,0,,,,
E07,25,1,1,0,0,6,0,0,0,,,,
E07,25,2,0,,,,,,,,,,
E07,25,3,1,0,4,0,0,0,0,,,,
E07,25,4,1,0,0,11,4,0,0,,,,
E07,25,5,1,0,0,11,0,0,1,0,,,0
E07,26,1,1,0,7,8,0,0,1,0,,,0
E07,26,2,1,5,3,7,0,0,0,,,,
E07,26,3,1,0,5,10,0,9,1,0,,,0
E07,26,4,1,0,6,5,0,0,1,0,,,0
E07,26,5,1,0,3,4,0,0,0,,,,
E07,27,1,1,0,8,0,0,0,1,0,,,0
E07,27,2,1,0,0,4,0,0,0,,,,
E07,27,3,1,0,3,0,0,5,0,,,,
E07,27,4,1,0,0,5,0,0,0,,,,
E07,27,5,1,0,0,0,0,3,0,,,,
E07,28,1,1,0,0,0,0,10,0,,,,
E07,28,2,1,0,0,7,0,0,0,,,,
E07,28,3,1,0,0,0,0,4,0,,,,
E07,28,4,1,0,2,4,0,0,0,,,,
E07,28,5,1,0,0,0,3,4,0,,,,
E07,29,1,1,0,0,0,0,0,0,,,,
E07,29,2,1,0,3,3,3,0,1,0,,,0
E07,29,3,0,,,,,,,,,,
E07,29,4,1,0,0,4,0,0,0,,,,
E07,29,5,1,0,3,3,1,0,0,,,,
E07,30,1,0,,,,,,,,,,
E07,30,2,1,0,0,3,0,0,0,,,,
E07,30,3,1,0,0,2,0,0,0,,,,
E07,30,4,1,0,2,1,0,3,0,,,,
E07,30,5,1,0,0,0,3,0,1,0,,,0
E07,31,1,1,0,0,0,0,0,0,,,,
E07,31,2,1,0,3,2,0,0,0,,,,
E07,31,3,1,0,3,3,0,0,0,,,,
E07,31,4,1,0,3,0,1,0,0,,,,
E07,31,5,1,0,2,4,0,0,1,0,,,0
E07,32,1,1,0,3,0,0,0,0,,,,
E07,32,2,1,0,5,0,0,0,0,,,,
E07,32,3,1,0,3,0,0,7,0,,,,
E07,32,4,1,0,2,3,5,7,0,,,,
E07,32,5,1,0,17,0,0,12,1,0,,,0
E07,33,1,1,0,4,0,0,0,0,,,,
E07,33,2,0,,,,,,,,,,
E07,33,3,1,0,0,3,0,0,0,,,,
E07,33,4,1,0,0,5,0,0,0,,,,
E07,33,5,1,0,3,6,0,4,1,0,,,0
E07,34,1,1,0,0,6,0,0,1,0,,,0
E07,34,2,1,0,6,4,0,0,0,,,,
E07,34,3,1,0,0,5,0,0,0,,,,
E07,34,4,0,,,,,,,,,,
E07,34,5,1,0,0,3,0,0,0,,,,
E07,35,1,1,3,0,2,0,2,0,,,,
E07,35,2,1,5,1,5,0,0,0,,,,
E07,35,3,0,,,,,,,,,,
E07,35,4,1,0,0,6,0,4,1,0,,,0
E07,35,5,1,0,0,2,0,3,1,0,,,0
E07,36,1,0,,,,,,,,,,
E07,36,2,1,0,2,0,0,4,0,,,,
E07,36,3,1,0,0,0,0,3,0,,,,
E07,36,4,1,0,11,0,0,0,0,,,,
E07,36,5,1,0,8,2,0,7,0,,,,
E07,37,1,1,0,8,4,0,4,0,,,,
E07,37,2,1,0,0,0,0,0,0,,,,
E07,37,3,1,0,3,11,0,0,1,1,0,,0
E07,37,4,1,0,0,0,0,0,0,,,,
E07,37,5,1,0,0,0,3,0,0,,,,
E07,38,1,0,,,,,,,,,,
E07,38,2,1,0,0,6,0,3,0,,,,
E07,38,3,0,,,,,,,,,,
E07,38,4,1,0,6,4,0,4,0,,,,
E07,38,5,1,0,3,4,0,0,0,,,,
E07,39,1,1,0,5,0,0,0,0,,,,
E07,39,2,1,0,5,0,0,6,0,,,,
E07,39,3,1,0,2,0,0,0,0,,,,
E07,39,4,0,,,,,,,,,,
E07,39,5,1,6,0,5,0,0,1,0,,,0
E07,40,1,1,0,7,4,0,0,0,,,,
E07,40,2,1,0,0,0,0,0,0,,,,
E07,40,3,1,0,0,0,0,0,0,,,,
E07,40,4,0,,,,,,,,,,
E07,40,5,1,0,4,0,0,0,0,,,,
E07,41,1,1,0,5,0,0,0,1,0,,,0
E07,41,2,0,,,,,,,,,,
E07,41,3,1,0,0,0,0,4,0,,,,
E07,41,4,0,,,,,,,,,,
E07,41,5,1,0,0,0,0,3,0,,,,
E07,42,1,1,0,5,0,0,2,0,,,,
E07,42,2,1,0,0,0,0,0,0,,,,
E07,42,3,1,0,4,0,0,0,0,,,,
E07,42,4,1,0,0,0,0,0,0,,,,
E07,42,5,0,,,,,,,,,,
E08,1,1,1,22,14,1,26,38,0,,,,
E08,1,2,1,67,0,25,0,0,0,,,,
E08,1,3,1,2,0,0,0,0,0,,,,
E08,1,4,1,2,3,0,0,0,0,,,,
E08,1,5,1,0,0,100,15,0,0,,,,
E08,2,1,1,0,0,0,80,0,0,,,,
E08,2,2,1,0,0,0,0,0,0,,,,
E08,2,3,1,0,0,0,0,91,0,,,,
E08,2,4,1,75,0,60,0,0,0,,,,
E08,2,5,0,,,,,,,,,,
E08,3,1,1,0,0,0,0,0,0,,,,
E08,3,2,1,0,0,0,0,0,0,,,,
E08,3,3,1,0,0,0,0,0,0,,,,
E08,3,4,1,0,0,0,0,0,0,,,,
E08,3,5,1,0,0,0,0,0,0,,,,
E08,4,1,1,0,1,100,0,0,0,,,,
E08,4,2,1,100,0,100,0,89,0,,,,
E08,4,3,1,0,0,0,0,0,0,,,,
E08,4,4,1,0,0,0,0,0,0,,,,
E08,4,5,1,0,0,0,0,0,0,,,,
E08,5,1,1,0,0,0,78,0,0,,,,
E08,5,2,1,0,0,0,0,0,0,,,,
E08,5,3,1,0,0,0,0,0,0,,,,
E08,5,4,1,2,8,8,12,13,0,,,,
E08,5,5,1,0,0,63,0,0,0,,,,
E08,6,1,1,0,0,0,0,0,0,,,,
E08,6,2,1,0,2,3,0,7,0,,,,
E08,6,3,1,4,6,2,8,1,0,,,,
E08,6,4,1,0,1,0,0,2,0,,,,
E08,6,5,1,0,0,0,0,0,0,,,,
E08,7,1,1,0,0,0,0,0,0,,,,
E08,7,2,1,0,0,0,0,0,0,,,,
E08,7,3,1,0,0,0,0,0,0,,,,
E08,7,4,1,0,0,0,0,0,0,,,,
E08,7,5,1,3,0,5,5,7,0,,,,
E08,8,1,1,0,0,0,0,0,0,,,,
E08,8,2,1,1,2,1,0,2,0,,,,
E08,8,3,1,60,60,60,60,60,0,,,,
E08,8,4,1,0,0,0,0,0,0,,,,
E08,8,5,0,,,,,,,,,,
E08,9,1,1,2,0,0,0,0,0,,,,
E08,9,2,1,0,0,0,0,0,0,,,,
E08,9,3,1,0,0,0,0,0,0,,,,
E08,9,4,1,0,0,0,0,0,0,,,,
E08,9,5,1,0,0,0,0,0,0,,,,
E08,10,1,1,0,0,0,0,0,0,,,,
E08,10,2,0,,,,,,,,,,
E08,10,3,1,0,0,0,0,0,0,,,,
E08,10,4,1,0,0,0,0,0,0,,,,
E08,10,5,0,,,,,,,,,,
E08,11,1,1,0,0,0,0,0,0,,,,
E08,11,2,0,,,,,,,,,,
E08,11,3,1,0,0,0,0,0,0,,,,
E08,11,4,1,0,0,0,0,0,0,,,,
E08,11,5,1,0,0,0,0,0,0,,,,
E08,12,1,0,,,,,,,,,,
E08,12,2,1,0,0,0,0,0,0,,,,
E08,12,3,1,0,0,0,0,0,0,,,,
E08,12,4,1,0,0,0,0,0,0,,,,
E08,12,5,1,0,0,0,0,0,0,,,,
E08,13,1,0,,,,,,,,,,
E08,13,2,1,0,0,0,0,0,0,,,,
E08,13,3,1,0,0,0,0,0,0,,,,
E08,13,4,0,,,,,,,,,,
E08,13,5,0,,,,,,,,,,
E08,14,1,0,,,,,,,,,,
E08,14,2,0,,,,,,,,,,
E08,14,3,1,0,0,0,0,0,0,,,,
E08,14,4,1,0,0,0,0,0,0,,,,
E08,14,5,1,1,0,0,2,0,0,,,,
E08,15,1,1,0,0,0,0,0,0,,,,
E08,15,2,1,0,0,0,0,0,0,,,,
E08,15,3,1,0,0,0,0,0,0,,,,
E08,15,4,1,0,0,0,0,0,0,,,,
E08,15,5,1,0,0,0,0,0,0,,,,
E08,16,1,1,0,0,0,0,0,0,,,,
E08,16,2,1,0,0,60,58,63,0,,,,
E08,16,3,1,0,0,0,0,0,0,,,,
E08,16,4,1,0,0,60,58,63,0,,,,
E08,16,5,1,0,0,0,0,0,0,,,,
E08,17,1,1,0,0,0,0,0,0,,,,
E08,17,2,1,0,0,0,0,0,0,,,,
E08,17,3,1,0,0,0,0,0,0,,,,
E08,17,4,1,0,0,0,0,0,0,,,,
E08,17,5,1,0,99,0,0,0,0,,,,
E08,18,1,0,,,,,,,,,,
E08,18,2,1,0,0,0,0,0,0,,,,
E08,18,3,1,0,0,0,0,0,0,,,,
E08,18,4,1,71,0,0,0,59,0,,,,
E08,18,5,1,0,0,0,0,0,0,,,,
E08,19,1,0,,,,,,,,,,
E08,19,2,1,0,0,0,0,0,0,,,,
E08,19,3,1,0,0,1,0,0,0,,,,
E08,19,4,1,0,0,0,0,0,0,,,,
E08,19,5,1,0,0,100,0,0,0,,,,
E08,20,1,0,,,,,,,,,,
E08,20,2,1,0,0,66,0,0,1,0,,,0
E08,20,3,1,60,0,100,96,70,0,,,,
E08,20,4,1,0,0,0,0,0,0,,,,
E08,20,5,1,0,0,0,70,62,0,,,,
E08,21,1,1,0,0,0,0,0,0,,,,
E08,21,2,1,0,0,0,0,0,0,,,,
E08,21,3,0,,,,,,,,,,
E08,21,4,1,57,61,59,59,55,0,,,,
E08,21,5,1,0,0,0,0,0,0,,,,
E08,22,1,1,0,75,75,60,60,0,,,,
E08,22,2,1,0,0,60,0,0,0,,,,
E08,22,3,1,0,0,65,0,0,0,,,,
E08,22,4,1,0,0,0,0,0,0,,,,
E08,22,5,1,0,0,0,0,0,0,,,,
E08,23,1,1,0,0,0,0,0,0,,,,
E08,23,2,1,0,0,0,0,0,0,,,,
E08,23,3,1,70,84,80,70,70,0,,,,
E08,23,4,1,0,0,0,75,0,0,,,,
E08,23,5,0,,,,,,,,,,
E08,24,1,0,,,,,,,,,,
E08,24,2,0,,,,,,,,,,
E08,24,3,1,0,70,70,70,70,0,,,,
E08,24,4,0,,,,,,,,,,
E08,24,5,1,0,0,0,0,0,0,,,,
E08,25,1,0,,,,,,,,,,
E08,25,2,1,70,70,70,70,70,0,,,,
E08,25,3,1,60,70,100,100,100,0,,,,
E08,25,4,1,0,0,0,100,100,0,,,,
E08,25,5,1,0,0,0,0,0,0,,,,
E08,26,1,1,1,0,70,70,0,0,,,,
E08,26,2,1,0,0,0,70,70,0,,,,
E08,26,3,0,,,,,,,,,,
E08,26,4,1,0,0,0,0,0,0,,,,
E08,26,5,1,0,0,0,0,0,0,,,,
E08,27,1,1,0,0,0,0,0,0,,,,
E08,27,2,1,0,0,0,0,0,0,,,,
E08,27,3,1,0,0,0,0,0,0,,,,
E08,27,4,1,0,0,1,2,0,0,,,,
E08,27,5,1,0,0,0,0,0,0,,,,
E08,28,1,0,,,,,,,,,,
E08,28,2,1,0,0,0,0,0,0,,,,
E08,28,3,1,0,0,0,0,0,0,,,,
E08,28,4,1,0,0,0,0,0,0,,,,
E08,28,5,1,0,0,0,0,0,0,,,,
E08,29,1,1,0,0,0,0,0,0,,,,
E08,29,2,1,0,0,0,0,0,0,,,,
E08,29,3,1,0,0,0,0,0,0,,,,
E08,29,4,1,0,0,0,0,0,0,,,,
E08,29,5,1,0,0,0,0,0,0,,,,
E08,30,1,1,0,0,0,0,0,0,,,,
E08,30,2,1,0,0,0,0,0,0,,,,
E08,30,3,1,0,0,0,0,0,0,,,,
E08,30,4,1,0,0,0,0,0,0,,,,
E08,30,5,1,0,0,0,0,0,0,,,,
E08,31,1,1,0,0,0,0,0,0,,,,
E08,31,2,1,0,0,0,0,0,0,,,,
E08,31,3,1,0,0,0,0,0,0,,,,
E08,31,4,1,0,0,0,0,0,0,,,,
E08,31,5,1,0,0,0,0,0,0,,,,
E08,32,1,1,0,0,0,0,0,0,,,,
E08,32,2,1,0,0,0,0,0,0,,,,
E08,32,3,1,0,0,0,0,0,0,,,,
E08,32,4,1,0,0,0,0,0,0,,,,
E08,32,5,1,0,0,0,0,0,0,,,,
E08,33,1,1,0,0,0,0,0,0,,,,
E08,33,2,0,,,,,,,,,,
E08,33,3,0,,,,,,,,,,
E08,33,4,0,,,,,,,,,,
E08,33,5,1,0,0,0,0,0,0,,,,
E08,34,1,1,0,0,0,0,0,0,,,,
E08,34,2,0,,,,,,,,,,
E08,34,3,1,0,0,0,100,100,0,,,,
E08,34,4,1,0,0,0,0,0,0,,,,
E08,34,5,1,0,0,0,0,0,0,,,,
E08,35,1,1,0,0,0,0,0,0,,,,
E08,35,2,1,0,0,0,0,0,0,,,,
E08,35,3,1,0,0,0,0,0,0,,,,
E08,35,4,1,0,0,0,0,0,0,,,,
E08,35,5,1,0,0,0,0,0,0,,,,
E08,36,1,1,0,0,0,0,0,0,,,,
E08,36,2,1,0,0,0,0,0,0,,,,
E08,36,3,1,0,0,0,0,0,0,,,,
E08,36,4,1,0,0,0,0,0,0,,,,
E08,36,5,1,0,0,0,0,0,0,,,,
E08,37,1,1,0,0,0,100,0,0,,,,
E08,37,2,1,0,0,0,0,0,0,,,,
E08,37,3,1,0,70,60,60,60,0,,,,
E08,37,4,1,0,0,0,0,0,0,,,,
E08,37,5,1,0,70,70,80,70,0,,,,
E08,38,1,1,0,0,0,0,0,0,,,,
E08,38,2,1,0,0,0,0,0,0,,,,
E08,38,3,1,0,0,0,0,0,0,,,,
E08,38,4,1,0,0,0,0,0,0,,,,
E08,38,5,1,0,0,0,0,0,0,,,,
E08,39,1,1,0,0,0,0,0,0,,,,
E08,39,2,1,0,75,60,60,60,0,,,,
E08,39,3,1,0,0,0,0,0,0,,,,
E08,39,4,1,0,0,0,0,0,0,,,,
E08,39,5,0,,,,,,,,,,
E08,40,1,1,0,0,3,0,0,0,,,,
E08,40,2,1,0,0,0,0,0,0,,,,
E08,40,3,1,2,0,0,0,0,0,,,,
E08,40,4,1,0,0,0,0,0,0,,,,
E08,40,5,1,0,0,0,0,0,0,,,,
E08,41,1,1,0,60,0,70,70,0,,,,
E08,41,2,0,,,,,,,,,,
E08,41,3,1,0,0,0,0,0,0,,,,
E08,41,4,1,0,0,0,0,0,0,,,,
E08,41,5,1,0,0,0,0,0,0,,,,
E08,42,1,1,0,0,0,0,0,0,,,,
E08,42,2,1,60,70,70,70,70,0,,,,
E08,42,3,1,70,70,70,40,60,0,,,,
E08,42,4,1,69,70,68,75,76,0,,,,
E08,42,5,1,61,59,60,68,63,0,,,,
E09,1,1,1,20,50,80,50,50,0,,,,
E09,1,2,1,21,50,60,50,50,0,,,,
E09,1,3,0,,,,,,,,,,
E09,1,4,1,50,50,85,50,80,0,,,,
E09,1,5,0,,,,,,,,,,
E09,2,1,1,65,50,75,50,50,0,,,,
E09,2,2,1,50,72,76,38,58,0,,,,
E09,2,3,1,70,70,80,55,50,0,,,,
E09,2,4,1,50,75,80,50,50,0,,,,
E09,2,5,1,20,50,50,50,50,0,,,,
E09,3,1,1,50,80,76,35,65,0,,,,
E09,3,2,1,86,50,82,79,74,0,,,,
E09,3,3,0,,,,,,,,,,
E09,3,4,1,50,81,85,50,79,1,1,1,0,0
E09,3,5,1,50,50,76,50,69,0,,,,
E09,4,1,1,50,85,80,50,66,0,,,,
E09,4,2,0,,,,,,,,,,
E09,4,3,0,,,,,,,,,,
E09,4,4,0,,,,,,,,,,
E09,4,5,0,,,,,,,,,,
E09,5,1,0,,,,,,,,,,
E09,5,2,0,,,,,,,,,,
E09,5,3,0,,,,,,,,,,
E09,5,4,0,,,,,,,,,,
E09,5,5,0,,,,,,,,,,
E09,6,1,0,,,,,,,,,,
E09,6,2,0,,,,,,,,,,
E09,6,3,0,,,,,,,,,,
E09,6,4,0,,,,,,,,,,
E09,6,5,1,85,90,70,85,86,0,,,,
E09,7,1,0,,,,,,,,,,
E09,7,2,0,,,,,,,,,,
E09,7,3,0,,,,,,,,,,
E09,7,4,0,,,,,,,,,,
E09,7,5,0,,,,,,,,,,
E09,8,1,0,,,,,,,,,,
E09,8,2,0,,,,,,,,,,
E09,8,3,0,,,,,,,,,,
E09,8,4,0,,,,,,,,,,
E09,8,5,0,,,,,,,,,,
E09,9,1,0,,,,,,,,,,
E09,9,2,0,,,,,,,,,,
E09,9,3,0,,,,,,,,,,
E09,9,4,0,,,,,,,,,,
E09,9,5,0,,,,,,,,,,
E09,10,1,0,,,,,,,,,,
E09,10,2,0,,,,,,,,,,
E09,10,3,0,,,,,,,,,,
E09,10,4,0,,,,,,,,,,
E09,10,5,0,,,,,,,,,,
E09,11,1,0,,,,,,,,,,
E09,11,2,0,,,,,,,,,,
E09,11,3,0,,,,,,,,,,
E09,11,4,0,,,,,,,,,,
E09,11,5,0,,,,,,,,,,
E09,12,1,1,50,50,73,18,50,0,,,,
E09,12,2,0,,,,,,,,,,
E09,12,3,0,,,,,,,,,,
E09,12,4,0,,,,,,,,,,
E09,12,5,0,,,,,,,,,,
E09,13,1,0,,,,,,,,,,
E09,13,2,1,24,50,66,30,34,0,,,,
E09,13,3,0,,,,,,,,,,
E09,13,4,0,,,,,,,,,,
E09,13,5,0,,,,,,,,,,
E09,14,1,0,,,,,,,,,,
E09,14,2,0,,,,,,,,,,
E09,14,3,0,,,,,,,,,,
E09,14,4,0,,,,,,,,,,
E09,14,5,0,,,,,,,,,,
E09,15,1,0,,,,,,,,,,
E09,15,2,0,,,,,,,,,,
E09,15,3,0,,,,,,,,,,
E09,15,4,0,,,,,,,,,,
E09,15,5,0,,,,,,,,,,
E09,16,1,0,,,,,,,,,,
E09,16,2,0,,,,,,,,,,
E09,16,3,0,,,,,,,,,,
E09,16,4,0,,,,,,,,,,
E09,16,5,0,,,,,,,,,,
E09,17,1,0,,,,,,,,,,
E09,17,2,0,,,,,,,,,,
E09,17,3,0,,,,,,,,,,
E09,17,4,0,,,,,,,,,,
E09,17,5,0,,,,,,,,,,
E09,18,1,0,,,,,,,,,,
E09,18,2,0,,,,,,,,,,
E09,18,3,0,,,,,,,,,,
E09,18,4,0,,,,,,,,,,
E09,18,5,0,,,,,,,,,,
E09,19,1,0,,,,,,,,,,
E09,19,2,0,,,,,,,,,,
E09,19,3,0,,,,,,,,,,
E09,19,4,0,,,,,,,,,,
E09,19,5,0,,,,,,,,,,
E09,20,1,0,,,,,,,,,,
E09,20,2,0,,,,,,,,,,
E09,20,3,0,,,,,,,,,,
E09,20,4,0,,,,,,,,,,
E09,20,5,0,,,,,,,,,,
E09,21,1,0,,,,,,,,,,
E09,21,2,0,,,,,,,,,,
E09,21,3,0,,,,,,,,,,
E09,21,4,0,,,,,,,,,,
E09,21,5,0,,,,,,,,,,
E09,22,1,0,,,,,,,,,,
E09,22,2,0,,,,,,,,,,
E09,22,3,0,,,,,,,,,,
E09,22,4,0,,,,,,,,,,
E09,22,5,0,,,,,,,,,,
E09,23,1,0,,,,,,,,,,
E09,23,2,0,,,,,,,,,,
E09,23,3,0,,,,,,,,,,
E09,23,4,0,,,,,,,,,,
E09,23,5,0,,,,,,,,,,
E09,24,1,0,,,,,,,,,,
E09,24,2,0,,,,,,,,,,
E09,24,3,0,,,,,,,,,,
E09,24,4,0,,,,,,,,,,
E09,24,5,0,,,,,,,,,,
E09,25,1,0,,,,,,,,,,
E09,25,2,0,,,,,,,,,,
E09,25,3,0,,,,,,,,,,
E09,25,4,0,,,,,,,,,,
E09,25,5,0,,,,,,,,,,
E09,26,1,0,,,,,,,,,,
E09,26,2,0,,,,,,,,,,
E09,26,3,0,,,,,,,,,,
E09,26,4,0,,,,,,,,,,
E09,26,5,0,,,,,,,,,,
E09,27,1,0,,,,,,,,,,
E09,27,2,0,,,,,,,,,,
E09,27,3,0,,,,,,,,,,
E09,27,4,0,,,,,,,,,,
E09,27,5,0,,,,,,,,,,
E09,28,1,0,,,,,,,,,,
E09,28,2,0,,,,,,,,,,
E09,28,3,0,,,,,,,,,,
E09,28,4,0,,,,,,,,,,
E09,28,5,0,,,,,,,,,,
E09,29,1,0,,,,,,,,,,
E09,29,2,0,,,,,,,,,,
E09,29,3,0,,,,,,,,,,
E09,29,4,0,,,,,,,,,,
E09,29,5,0,,,,,,,,,,
E09,30,1,0,,,,,,,,,,
E09,30,2,0,,,,,,,,,,
E09,30,3,0,,,,,,,,,,
E09,30,4,0,,,,,,,,,,
E09,30,5,0,,,,,,,,,,
E09,31,1,0,,,,,,,,,,
E09,31,2,0,,,,,,,,,,
E09,31,3,0,,,,,,,,,,
E09,31,4,0,,,,,,,,,,
E09,31,5,0,,,,,,,,,,
E09,32,1,0,,,,,,,,,,
E09,32,2,0,,,,,,,,,,
E09,32,3,0,,,,,,,,,,
E09,32,4,0,,,,,,,,,,
E09,32,5,0,,,,,,,,,,
E09,33,1,0,,,,,,,,,,
E09,33,2,0,,,,,,,,,,
E09,33,3,0,,,,,,,,,,
E09,33,4,0,,,,,,,,,,
E09,33,5,0,,,,,,,,,,
E09,34,1,0,,,,,,,,,,
E09,34,2,0,,,,,,,,,,
E09,34,3,0,,,,,,,,,,
E09,34,4,0,,,,,,,,,,
E09,34,5,0,,,,,,,,,,
E09,35,1,0,,,,,,,,,,
E09,35,2,0,,,,,,,,,,
E09,35,3,0,,,,,,,,,,
E09,35,4,0,,,,,,,,,,
E09,35,5,0,,,,,,,,,,
E09,36,1,0,,,,,,,,,,
E09,36,2,0,,,,,,,,,,
E09,36,3,0,,,,,,,,,,
E09,36,4,0,,,,,,,,,,
E09,36,5,0,,,,,,,,,,
E09,37,1,0,,,,,,,,,,
E09,37,2,0,,,,,,,,,,
E09,37,3,0,,,,,,,,,,
E09,37,4,0,,,,,,,,,,
E09,37,5,0,,,,,,,,,,
E09,38,1,0,,,,,,,,,,
E09,38,2,0,,,,,,,,,,
E09,38,3,0,,,,,,,,,,
E09,38,4,0,,,,,,,,,,
E09,38,5,0,,,,,,,,,,
E09,39,1,0,,,,,,,,,,
E09,39,2,0,,,,,,,,,,
E09,39,3,0,,,,,,,,,,
E09,39,4,0,,,,,,,,,,
E09,39,5,0,,,,,,,,,,
E09,40,1,0,,,,,,,,,,
E09,40,2,0,,,,,,,,,,
E09,40,3,0,,,,,,,,,,
E09,40,4,0,,,,,,,,,,
E09,40,5,0,,,,,,,,,,
E09,41,1,0,,,,,,,,,,
E09,41,2,0,,,,,,,,,,
E09,41,3,0,,,,,,,,,,
E09,41,4,0,,,,,,,,,,
E09,41,5,0,,,,,,,,,,
E09,42,1,0,,,,,,,,,,
E09,42,2,0,,,,,,,,,,
E09,42,3,0,,,,,,,,,,
E09,42,4,0,,,,,,,,,,
E09,42,5,0,,,,,,,,,,
E10,1,1,1,0,0,0,9,0,0,,,,
E10,1,2,0,,,,,,,,,,
E10,1,3,1,2,1,0,0,0,0,,,,
E10,1,4,1,0,0,0,7,0,0,,,,
E10,1,5,1,0,13,1,2,26,0,,,,
E10,2,1,1,3,15,49,0,21,0,,,,
E10,2,2,1,13,53,64,0,69,1,0,,,0
E10,2,3,1,3,2,70,22,32,0,,,,
E10,2,4,1,0,15,26,2,8,0,,,,
E10,2,5,1,9,52,49,2,63,0,,,,
E10,3,1,1,17,46,8,20,7,0,,,,
E10,3,2,1,2,56,3,0,0,0,,,,
E10,3,3,1,0,22,15,0,21,0,,,,
E10,3,4,1,23,2,1,1,1,0,,,,
E10,3,5,1,0,0,3,0,15,0,,,,
E10,4,1,1,0,1,17,18,35,0,,,,
E10,4,2,0,,,,,,,,,,
E10,4,3,1,1,12,0,0,0,0,,,,
E10,4,4,1,2,1,3,0,2,0,,,,
E10,4,5,1,0,0,0,0,2,0,,,,
E10,5,1,1,48,65,72,37,84,0,,,,
E10,5,2,0,,,,,,,,,,
E10,5,3,1,0,0,3,0,0,0,,,,
E10,5,4,1,2,0,0,0,0,0,,,,
E10,5,5,1,2,0,3,0,0,0,,,,
E10,6,1,1,0,0,25,16,58,0,,,,
E10,6,2,1,0,0,0,0,0,0,,,,
E10,6,3,1,0,39,26,3,0,0,,,,
E10,6,4,1,0,0,17,0,0,0,,,,
E10,6,5,1,0,0,1,0,0,0,,,,
E10,7,1,1,1,63,32,2,12,0,,,,
E10,7,2,0,,,,,,,,,,
E10,7,3,1,0,0,0,0,0,0,,,,
E10,7,4,1,0,0,24,0,21,0,,,,
E10,7,5,1,0,0,0,0,0,0,,,,
E10,8,1,1,2,2,1,0,0,0,,,,
E10,8,2,0,,,,,,,,,,
E10,8,3,1,3,1,89,73,75,0,,,,
E10,8,4,0,,,,,,,,,,
E10,8,5,1,82,85,95,77,98,1,1,2,1,0
E10,9,1,1,0,68,82,61,81,1,1,1,1,0
E10,9,2,1,1,2,87,1,25,0,,,,
E10,9,3,1,0,0,0,0,0,0,,,,
E10,9,4,1,0,0,0,0,0,0,,,,
E10,9,5,1,0,0,77,70,62,0,,,,
E10,10,1,1,0,73,64,33,50,0,,,,
E10,10,2,1,0,0,70,33,50,0,,,,
E10,10,3,1,4,6,7,5,15,0,,,,
E10,10,4,0,,,,,,,,,,
E10,10,5,1,1,0,0,0,0,0,,,,
E10,11,1,0,,,,,,,,,,
E10,11,2,1,0,0,30,0,0,0,,,,
E10,11,3,0,,,,,,,,,,
E10,11,4,0,,,,,,,,,,
E10,11,5,0,,,,,,,,,,
E10,12,1,0,,,,,,,,,,
E10,12,2,0,,,,,,,,,,
E10,12,3,0,,,,,,,,,,
E10,12,4,1,0,1,84,53,72,0,,,,
E10,12,5,0,,,,,,,,,,
E10,13,1,1,0,0,0,0,0,0,,,,
E10,13,2,0,,,,,,,,,,
E10,13,3,1,0,0,41,1,0,0,,,,
E10,13,4,1,0,0,10,0,0,0,,,,
E10,13,5,0,,,,,,,,,,
E10,14,1,0,,,,,,,,,,
E10,14,2,1,0,1,71,49,14,0,,,,
E10,14,3,1,0,0,0,0,5,0,,,,
E10,14,4,1,2,7,10,28,31,0,,,,
E10,14,5,0,,,,,,,,,,
E10,15,1,1,0,35,76,50,50,0,,,,
E10,15,2,1,0,0,84,2,50,0,,,,
E10,15,3,1,50,50,50,50,50,0,,,,
E10,15,4,0,,,,,,,,,,
E10,15,5,1,5,3,77,50,50,0,,,,
E10,16,1,0,,,,,,,,,,
E10,16,2,0,,,,,,,,,,
E10,16,3,0,,,,,,,,,,
E10,16,4,0,,,,,,,,,,
E10,16,5,0,,,,,,,,,,
E10,17,1,0,,,,,,,,,,
E10,17,2,0,,,,,,,,,,
E10,17,3,1,2,4,3,68,9,0,,,,
E10,17,4,1,3,53,50,0,50,0,,,,
E10,17,5,1,0,0,0,0,4,0,,,,
E10,18,1,1,2,0,0,1,3,0,,,,
E10,18,2,0,,,,,,,,,,
E10,18,3,0,,,,,,,,,,
E10,18,4,0,,,,,,,,,,
E10,18,5,1,0,6,3,0,0,0,,,,
E10,19,1,0,,,,,,,,,,
E10,19,2,0,,,,,,,,,,
E10,19,3,0,,,,,,,,,,
E10,19,4,0,,,,,,,,,,
E10,19,5,0,,,,,,,,,,
E10,20,1,0,,,,,,,,,,
E10,20,2,0,,,,,,,,,,
E10,20,3,0,,,,,,,,,,
E10,20,4,1,0,0,0,0,1,0,,,,
E10,20,5,0,,,,,,,,,,
E10,21,1,1,0,20,34,1,2,0,,,,
E10,21,2,0,,,,,,,,,,
E10,21,3,1,0,4,12,0,0,0,,,,
E10,21,4,1,0,0,0,0,0,0,,,,
E10,21,5,1,0,77,81,46,87,1,2,2,2,0
E10,22,1,1,0,60,79,36,88,1,2,2,2,0
E10,22,2,1,0,40,65,26,74,0,,,,
E10,22,3,0,,,,,,,,,,
E10,22,4,0,,,,,,,,,,
E10,22,5,1,0,68,85,66,71,0,,,,
E10,23,1,1,0,77,85,61,50,0,,,,
E10,23,2,0,,,,,,,,,,
E10,23,3,0,,,,,,,,,,
E10,23,4,1,4,15,63,15,77,0,,,,
E10,23,5,1,4,79,93,73,74,0,,,,
E10,24,1,0,,,,,,,,,,
E10,24,2,0,,,,,,,,,,
E10,24,3,0,,,,,,,,,,
E10,24,4,0,,,,,,,,,,
E10,24,5,0,,,,,,,,,,
E10,25,1,0,,,,,,,,,,
E10,25,2,0,,,,,,,,,,
E10,25,3,0,,,,,,,,,,
E10,25,4,0,,,,,,,,,,
E10,25,5,0,,,,,,,,,,
E10,26,1,1,0,0,28,16,50,0,,,,
E10,26,2,0,,,,,,,,,,
E10,26,3,0,,,,,,,,,,
E10,26,4,1,1,0,0,50,0,0,,,,
E10,26,5,1,38,39,63,30,23,0,,,,
E10,27,1,1,0,51,60,14,50,0,,,,
E10,27,2,0,,,,,,,,,,
E10,27,3,0,,,,,,,,,,
E10,27,4,1,11,80,85,62,90,1,2,2,2,0
E10,27,5,1,13,86,82,21,90,1,2,1,1,0
E10,28,1,0,,,,,,,,,,
E10,28,2,0,,,,,,,,,,
E10,28,3,0,,,,,,,,,,
E10,28,4,0,,,,,,,,,,
E10,28,5,1,6,13,72,13,18,0,,,,
E10,29,1,1,0,88,85,21,90,0,,,,
E10,29,2,1,0,1,59,58,50,0,,,,
E10,29,3,0,,,,,,,,,,
E10,29,4,1,0,0,60,3,26,0,,,,
E10,29,5,0,,,,,,,,,,
E10,30,1,0,,,,,,,,,,
E10,30,2,0,,,,,,,,,,
E10,30,3,0,,,,,,,,,,
E10,30,4,0,,,,,,,,,,
E10,30,5,0,,,,,,,,,,
E10,31,1,0,,,,,,,,,,
E10,31,2,0,,,,,,,,,,
E10,31,3,0,,,,,,,,,,
E10,31,4,0,,,,,,,,,,
E10,31,5,0,,,,,,,,,,
E10,32,1,0,,,,,,,,,,
E10,32,2,0,,,,,,,,,,
E10,32,3,1,2,59,2,38,1,0,,,,
E10,32,4,0,,,,,,,,,,
E10,32,5,0,,,,,,,,,,
E10,33,1,0,,,,,,,,,,
E10,33,2,0,,,,,,,,,,
E10,33,3,0,,,,,,,,,,
E10,33,4,0,,,,,,,,,,
E10,33,5,0,,,,,,,,,,
E10,34,1,0,,,,,,,,,,
E10,34,2,0,,,,,,,,,,
E10,34,3,0,,,,,,,,,,
E10,34,4,0,,,,,,,,,,
E10,34,5,0,,,,,,,,,,
E10,35,1,0,,,,,,,,,,
E10,35,2,0,,,,,,,,,,
E10,35,3,0,,,,,,,,,,
E10,35,4,1,0,0,0,0,0,0,,,,
E10,35,5,1,0,0,0,0,0,0,,,,
E10,36,1,0,,,,,,,,,,
E10,36,2,1,3,1,0,2,0,0,,,,
E10,36,3,0,,,,,,,,,,
E10,36,4,0,,,,,,,,,,
E10,36,5,0,,,,,,,,,,
E10,37,1,1,0,0,0,0,0,0,,,,
E10,37,2,0,,,,,,,,,,
E10,37,3,0,,,,,,,,,,
E10,37,4,0,,,,,,,,,,
E10,37,5,0,,,,,,,,,,
E10,38,1,0,,,,,,,,,,
E10,38,2,0,,,,,,,,,,
E10,38,3,1,0,0,0,0,0,0,,,,
E10,38,4,0,,,,,,,,,,
E10,38,5,1,0,0,0,0,0,0,,,,
E10,39,1,1,5,0,2,1,0,0,,,,
E10,39,2,1,0,0,30,0,0,0,,,,
E10,39,3,0,,,,,,,,,,
E10,39,4,0,,,,,,,,,,
E10,39,5,0,,,,,,,,,,
E10,40,1,1,2,0,0,0,0,0,,,,
E10,40,2,0,,,,,,,,,,
E10,40,3,0,,,,,,,,,,
E10,40,4,0,,,,,,,,,,
E10,40,5,0,,,,,,,,,,
E10,41,1,0,,,,,,,,,,
E10,41,2,0,,,,,,,,,,
E10,41,3,0,,,,,,,,,,
E10,41,4,0,,,,,,,,,,
E10,41,5,0,,,,,,,,,,
E10,42,1,0,,,,,,,,,,
E10,42,2,0,,,,,,,,,,
E10,42,3,0,,,,,,,,,,
E10,42,4,0,,,,,,,,,,
E10,42,5,0,,,,,,,,,,
E11,1,1,0,,,,,,,,,,
E11,1,2,1,0,0,67,0,68,0,,,,
E11,1,3,1,0,0,1,1,0,0,,,,
E11,1,4,1,0,0,24,0,59,0,,,,
E11,1,5,1,0,0,1,0,18,0,,,,
E11,2,1,0,,,,,,,,,,
E11,2,2,1,0,0,66,1,2,0,,,,
E11,2,3,1,3,64,69,82,2,0,,,,
E11,2,4,1,25,1,27,0,1,0,,,,
E11,2,5,1,0,2,21,0,22,0,,,,
E11,3,1,1,3,1,76,5,19,0,,,,
E11,3,2,1,0,2,69,0,3,1,1,1,0,0
E11,3,3,1,25,4,77,79,4,0,,,,
E11,3,4,1,28,1,18,11,8,0,,,,
E11,3,5,1,2,1,15,7,14,0,,,,
E11,4,1,1,62,0,35,20,0,0,,,,
E11,4,2,1,79,0,78,0,78,0,,,,
E11,4,3,0,,,,,,,,,,
E11,4,4,1,6,0,23,91,30,0,,,,
E11,4,5,1,20,12,38,26,16,0,,,,
E11,5,1,1,6,0,25,44,3,0,,,,
E11,5,2,0,,,,,,,,,,
E11,5,3,1,82,20,68,70,11,0,,,,
E11,5,4,1,67,22,62,90,15,0,,,,
E11,5,5,1,66,25,69,86,78,0,,,,
E11,6,1,1,76,18,20,100,28,1,1,1,1,0
E11,6,2,0,,,,,,,,,,
E11,6,3,0,,,,,,,,,,
E11,6,4,0,,,,,,,,,,
E11,6,5,0,,,,,,,,,,
E11,7,1,1,73,16,45,90,27,1,2,1,0,0
E11,7,2,0,,,,,,,,,,
E11,7,3,0,,,,,,,,,,
E11,7,4,0,,,,,,,,,,
E11,7,5,1,71,17,84,22,76,1,1,1,0,0
E11,8,1,1,62,35,26,80,37,0,,,,
E11,8,2,1,17,21,42,69,75,1,1,1,0,0
E11,8,3,1,71,30,33,69,75,1,1,1,0,0
E11,8,4,1,35,35,24,31,84,0,,,,
E11,8,5,0,,,,,,,,,,
E11,9,1,1,34,20,43,33,38,0,,,,
E11,9,2,0,,,,,,,,,,
E11,9,3,0,,,,,,,,,,
E11,9,4,1,36,28,78,20,19,0,,,,
E11,9,5,1,70,0,69,28,18,0,,,,
E11,10,1,0,,,,,,,,,,
E11,10,2,1,20,0,2,1,1,0,,,,
E11,10,3,0,,,,,,,,,,
E11,10,4,1,21,18,78,20,17,0,,,,
E11,10,5,1,7,4,76,0,38,0,,,,
E11,11,1,0,,,,,,,,,,
E11,11,2,1,38,5,14,12,2,0,,,,
E11,11,3,0,,,,,,,,,,
E11,11,4,0,,,,,,,,,,
E11,11,5,0,,,,,,,,,,
E11,12,1,1,2,1,72,14,66,1,1,1,0,0
E11,12,2,0,,,,,,,,,,
E11,12,3,0,,,,,,,,,,
E11,12,4,0,,,,,,,,,,
E11,12,5,1,21,22,26,19,20,0,,,,
E11,13,1,0,,,,,,,,,,
E11,13,2,1,0,70,21,72,74,0,,,,
E11,13,3,1,37,0,55,0,0,0,,,,
E11,13,4,1,0,2,21,2,59,0,,,,
E11,13,5,1,0,0,34,17,0,0,,,,
E11,14,1,0,,,,,,,,,,
E11,14,2,1,19,0,41,15,2,0,,,,
E11,14,3,0,,,,,,,,,,
E11,14,4,0,,,,,,,,,,
E11,14,5,1,0,0,10,0,6,0,,,,
E11,15,1,1,0,0,19,37,0,0,,,,
E11,15,2,0,,,,,,,,,,
E11,15,3,1,12,0,39,32,60,0,,,,
E11,15,4,1,17,0,0,0,1,0,,,,
E11,15,5,0,,,,,,,,,,
E11,16,1,0,,,,,,,,,,
E11,16,2,1,0,1,64,0,1,0,,,,
E11,16,3,1,38,3,80,16,73,1,1,1,1,0
E11,16,4,1,0,0,0,21,1,0,,,,
E11,16,5,0,,,,,,,,,,
E11,17,1,0,,,,,,,,,,
E11,17,2,0,,,,,,,,,,
E11,17,3,0,,,,,,,,,,
E11,17,4,1,42,3,16,1,2,0,,,,
E11,17,5,0,,,,,,,,,,
E11,18,1,1,1,1,7,1,13,0,,,,
E11,18,2,0,,,,,,,,,,
E11,18,3,0,,,,,,,,,,
E11,18,4,0,,,,,,,,,,
E11,18,5,0,,,,,,,,,,
E11,19,1,0,,,,,,,,,,
E11,19,2,0,,,,,,,,,,
E11,19,3,1,61,0,12,2,0,0,,,,
E11,19,4,1,10,0,2,0,1,0,,,,
E11,19,5,1,0,33,0,2,10,0,,,,
E11,20,1,1,20,0,0,84,14,0,,,,
E11,20,2,1,22,3,31,0,0,0,,,,
E11,20,3,0,,,,,,,,,,
E11,20,4,1,15,37,23,39,5,0,,,,
E11,20,5,1,0,1,16,2,22,0,,,,
E11,21,1,0,,,,,,,,,,
E11,21,2,0,,,,,,,,,,
E11,21,3,0,,,,,,,,,,
E11,21,4,0,,,,,,,,,,
E11,21,5,1,61,41,65,77,45,1,1,0,,0
E11,22,1,1,22,2,43,17,5,1,0,,,
E11,22,2,1,5,0,0,0,0,0,,,,
E11,22,3,0,,,,,,,,,,
E11,22,4,1,11,42,62,1,1,1,1,0,,0
E11,22,5,1,2,1,4,4,0,0,,,,
E11,23,1,0,,,,,,,,,,
E11,23,2,0,,,,,,,,,,
E11,23,3,1,9,29,8,3,1,0,,,,
E11,23,4,1,21,0,25,61,0,0,,,,
E11,23,5,1,21,2,54,25,0,0,,,,
E11,24,1,0,,,,,,,,,,
E11,24,2,0,,,,,,,,,,
E11,24,3,0,,,,,,,,,,
E11,24,4,1,22,5,67,0,0,0,,,,
E11,24,5,1,0,0,0,0,0,0,,,,
E11,25,1,0,,,,,,,,,,
E11,25,2,0,,,,,,,,,,
E11,25,3,0,,,,,,,,,,
E11,25,4,1,0,0,6,1,0,0,,,,
E11,25,5,0,,,,,,,,,,
E11,26,1,0,,,,,,,,,,
E11,26,2,0,,,,,,,,,,
E11,26,3,0,,,,,,,,,,
E11,26,4,1,81,35,86,2,0,0,,,,
E11,26,5,1,25,5,31,60,2,0,,,,
E11,27,1,0,,,,,,,,,,
E11,27,2,0,,,,,,,,,,
E11,27,3,0,,,,,,,,,,
E11,27,4,0,,,,,,,,,,
E11,27,5,1,0,0,0,0,0,0,,,,
E11,28,1,0,,,,,,,,,,
E11,28,2,0,,,,,,,,,,
E11,28,3,0,,,,,,,,,,
E11,28,4,1,0,0,0,0,0,0,,,,
E11,28,5,0,,,,,,,,,,
E11,29,1,1,0,1,2,1,1,0,,,,
E11,29,2,0,,,,,,,,,,
E11,29,3,1,0,0,0,0,0,0,,,,
E11,29,4,1,22,0,0,82,5,0,,,,
E11,29,5,0,,,,,,,,,,
E11,30,1,1,1,1,0,0,0,0,,,,
E11,30,2,0,,,,,,,,,,
E11,30,3,0,,,,,,,,,,
E11,30,4,0,,,,,,,,,,
E11,30,5,0,,,,,,,,,,
E11,31,1,0,,,,,,,,,,
E11,31,2,0,,,,,,,,,,
E11,31,3,0,,,,,,,,,,
E11,31,4,0,,,,,,,,,,
E11,31,5,0,,,,,,,,,,
E11,32,1,0,,,,,,,,,,
E11,32,2,1,2,67,1,5,4,0,,,,
E11,32,3,0,,,,,,,,,,
E11,32,4,1,82,8,72,2,26,0,,,,
E11,32,5,1,0,63,11,71,5,0,,,,
E11,33,1,0,,,,,,,,,,
E11,33,2,0,,,,,,,,,,
E11,33,3,0,,,,,,,,,,
E11,33,4,0,,,,,,,,,,
E11,33,5,0,,,,,,,,,,
E11,34,1,1,1,0,2,0,0,0,,,,
E11,34,2,1,2,0,17,1,26,0,,,,
E11,34,3,0,,,,,,,,,,
E11,34,4,1,19,2,0,1,0,0,,,,
E11,34,5,1,0,0,36,5,0,0,,,,
E11,35,1,0,,,,,,,,,,
E11,35,2,0,,,,,,,,,,
E11,35,3,0,,,,,,,,,,
E11,35,4,0,,,,,,,,,,
E11,35,5,0,,,,,,,,,,
E11,36,1,0,,,,,,,,,,
E11,36,2,1,0,0,0,0,0,0,,,,
E11,36,3,1,0,1,0,4,1,0,,,,
E11,36,4,0,,,,,,,,,,
E11,36,5,0,,,,,,,,,,
E11,37,1,1,0,4,3,0,2,0,,,,
E11,37,2,0,,,,,,,,,,
E11,37,3,0,,,,,,,,,,
E11,37,4,0,,,,,,,,,,
E11,37,5,0,,,,,,,,,,
E11,38,1,0,,,,,,,,,,
E11,38,2,0,,,,,,,,,,
E11,38,3,1,15,5,20,3,2,0,,,,
E11,38,4,0,,,,,,,,,,
E11,38,5,1,0,2,41,0,7,0,,,,
E11,39,1,0,,,,,,,,,,
E11,39,2,0,,,,,,,,,,
E11,39,3,1,1,0,59,2,0,0,,,,
E11,39,4,0,,,,,,,,,,
E11,39,5,0,,,,,,,,,,
E11,40,1,0,,,,,,,,,,
E11,40,2,0,,,,,,,,,,
E11,40,3,0,,,,,,,,,,
E11,40,4,1,0,0,40,0,0,0,,,,
E11,40,5,0,,,,,,,,,,
E11,41,1,1,2,37,0,20,0,0,,,,
E11,41,2,1,0,22,8,0,0,0,,,,
E11,41,3,0,,,,,,,,,,
E11,41,4,1,0,1,0,2,0,0,,,,
E11,41,5,0,,,,,,,,,,
E11,42,1,0,,,,,,,,,,
E11,42,2,0,,,,,,,,,,
E11,42,3,0,,,,,,,,,,
E11,42,4,0,,,,,,,,,,
E11,42,5,0,,,,,,,,,,
E12,1,1,1,25,12,25,0,0,0,,,,
E12,1,2,1,30,15,80,65,25,0,,,,
E12,1,3,1,74,24,50,15,10,0,,,,
E12,1,4,1,50,13,19,0,15,0,,,,
E12,1,5,1,0,30,30,25,24,0,,,,
E12,2,1,1,70,15,85,25,15,0,,,,
E12,2,2,0,,,,,,,,,,
E12,2,3,1,20,10,75,10,15,0,,,,
E12,2,4,1,20,0,70,15,10,0,,,,
E12,2,5,1,10,10,25,0,0,0,,,,
E12,3,1,1,15,20,20,15,0,0,,,,
E12,3,2,1,0,25,40,10,25,0,,,,
E12,3,3,1,11,10,65,10,11,0,,,,
E12,3,4,1,15,0,79,12,11,0,,,,
E12,3,5,1,0,10,60,10,10,0,,,,
E12,4,1,1,15,15,60,16,15,0,,,,
E12,4,2,1,16,15,100,1,50,0,,,,
E12,4,3,0,,,,,,,,,,
E12,4,4,1,0,0,15,0,11,0,,,,
E12,4,5,0,,,,,,,,,,
E12,5,1,1,10,10,70,10,10,0,,,,
E12,5,2,1,15,15,80,15,15,0,,,,
E12,5,3,1,15,15,16,14,16,0,,,,
E12,5,4,1,10,10,80,10,10,0,,,,
E12,5,5,1,85,0,30,15,15,0,,,,
E12,6,1,1,74,72,72,26,27,0,,,,
E12,6,2,1,14,14,50,19,19,0,,,,
E12,6,3,0,,,,,,,,,,
E12,6,4,1,11,12,70,15,39,0,,,,
E12,6,5,1,0,0,69,5,20,0,,,,
E12,7,1,1,71,70,72,75,28,0,,,,
E12,7,2,1,75,0,100,30,0,0,,,,
E12,7,3,1,0,0,75,0,0,0,,,,
E12,7,4,1,70,0,80,15,15,0,,,,
E12,7,5,1,35,15,59,0,0,0,,,,
E12,8,1,1,10,10,60,0,0,0,,,,
E12,8,2,0,,,,,,,,,,
E12,8,3,1,20,20,70,10,10,0,,,,
E12,8,4,1,15,15,75,10,10,0,,,,
E12,8,5,1,20,66,86,10,10,0,,,,
E12,9,1,0,,,,,,,,,,
E12,9,2,1,0,0,20,10,0,0,,,,
E12,9,3,1,16,20,33,5,0,0,,,,
E12,9,4,0,,,,,,,,,,
E12,9,5,1,80,20,60,20,30,0,,,,
E12,10,1,1,10,10,30,10,15,0,,,,
E12,10,2,1,15,15,20,15,0,0,,,,
E12,10,3,1,73,19,66,28,11,0,,,,
E12,10,4,1,85,10,70,10,10,0,,,,
E12,10,5,0,,,,,,,,,,
E12,11,1,1,0,15,0,0,0,0,,,,
E12,11,2,0,,,,,,,,,,
E12,11,3,1,13,19,84,30,26,0,,,,
E12,11,4,1,0,0,65,15,0,0,,,,
E12,11,5,1,0,0,10,10,0,0,,,,
E12,12,1,1,12,20,65,5,30,0,,,,
E12,12,2,1,0,0,10,0,0,0,,,,
E12,12,3,1,11,11,15,0,4,0,,,,
E12,12,4,1,0,10,75,10,25,0,,,,
E12,12,5,0,,,,,,,,,,
E12,13,1,1,10,0,60,0,0,0,,,,
E12,13,2,0,,,,,,,,,,
E12,13,3,1,10,10,20,0,0,0,,,,
E12,13,4,1,0,10,65,9,10,0,,,,
E12,13,5,0,,,,,,,,,,
E12,14,1,0,,,,,,,,,,
E12,14,2,0,,,,,,,,,,
E12,14,3,0,,,,,,,,,,
E12,14,4,1,80,10,80,10,10,0,,,,
E12,14,5,1,80,10,0,0,0,0,,,,
E12,15,1,0,,,,,,,,,,
E12,15,2,0,,,,,,,,,,
E12,15,3,1,0,0,15,0,0,0,,,,
E12,15,4,0,,,,,,,,,,
E12,15,5,0,,,,,,,,,,
E12,16,1,1,70,10,100,10,15,0,,,,
E12,16,2,0,,,,,,,,,,
E12,16,3,1,20,0,75,0,0,0,,,,
E12,16,4,1,10,15,80,9,2,0,,,,
E12,16,5,1,0,0,10,0,0,0,,,,
E12,17,1,1,15,0,60,0,0,0,,,,
E12,17,2,0,,,,,,,,,,
E12,17,3,1,10,0,60,0,0,0,,,,
E12,17,4,1,0,10,65,0,0,0,,,,
E12,17,5,0,,,,,,,,,,
E12,18,1,0,,,,,,,,,,
E12,18,2,0,,,,,,,,,,
E12,18,3,1,0,0,100,1,1,0,,,,
E12,18,4,1,0,0,70,0,60,0,,,,
E12,18,5,0,,,,,,,,,,
E12,19,1,1,0,0,75,0,0,0,,,,
E12,19,2,0,,,,,,,,,,
E12,19,3,1,10,0,60,0,0,0,,,,
E12,19,4,1,10,0,70,0,0,0,,,,
E12,19,5,1,0,0,100,60,0,0,,,,
E12,20,1,0,,,,,,,,,,
E12,20,2,0,,,,,,,,,,
E12,20,3,1,12,65,70,0,0,0,,,,
E12,20,4,0,,,,,,,,,,
E12,20,5,0,,,,,,,,,,
E12,21,1,1,0,0,85,0,0,0,,,,
E12,21,2,1,20,0,10,0,0,0,,,,
E12,21,3,0,,,,,,,,,,
E12,21,4,1,0,0,70,0,0,0,,,,
E12,21,5,1,100,0,100,0,0,0,,,,
E12,22,1,0,,,,,,,,,,
E12,22,2,0,,,,,,,,,,
E12,22,3,1,0,0,70,0,0,0,,,,
E12,22,4,0,,,,,,,,,,
E12,22,5,0,,,,,,,,,,
E12,23,1,0,,,,,,,,,,
E12,23,2,1,0,0,70,0,1,0,,,,
E12,23,3,1,0,0,75,0,0,0,,,,
E12,23,4,1,0,0,80,0,0,0,,,,
E12,23,5,0,,,,,,,,,,
E12,24,1,1,0,0,15,0,0,0,,,,
E12,24,2,0,,,,,,,,,,
E12,24,3,0,,,,,,,,,,
E12,24,4,1,0,0,70,0,0,0,,,,
E12,24,5,0,,,,,,,,,,
E12,25,1,0,,,,,,,,,,
E12,25,2,0,,,,,,,,,,
E12,25,3,1,0,0,60,0,0,0,,,,
E12,25,4,1,0,0,15,0,0,0,,,,
E12,25,5,0,,,,,,,,,,
E12,26,1,0,,,,,,,,,,
E12,26,2,1,0,0,15,0,0,0,,,,
E12,26,3,1,0,0,10,0,1,0,,,,
E12,26,4,1,0,0,65,1,0,0,,,,
E12,26,5,1,0,10,75,0,15,0,,,,
E12,27,1,0,,,,,,,,,,
E12,27,2,0,,,,,,,,,,
E12,27,3,1,0,0,0,0,0,0,,,,
E12,27,4,1,0,0,0,0,10,0,,,,
E12,27,5,1,0,0,65,0,0,0,,,,
E12,28,1,0,,,,,,,,,,
E12,28,2,0,,,,,,,,,,
E12,28,3,1,0,0,10,0,0,0,,,,
E12,28,4,1,0,0,0,0,1,0,,,,
E12,28,5,1,0,0,75,0,0,0,,,,
E12,29,1,1,0,0,0,0,1,0,,,,
E12,29,2,0,,,,,,,,,,
E12,29,3,1,0,0,0,0,0,0,,,,
E12,29,4,0,,,,,,,,,,
E12,29,5,1,0,0,0,0,0,0,,,,
E12,30,1,0,,,,,,,,,,
E12,30,2,1,80,0,75,0,0,0,,,,
E12,30,3,0,,,,,,,,,,
E12,30,4,0,,,,,,,,,,
E12,30,5,0,,,,,,,,,,
E12,31,1,0,,,,,,,,,,
E12,31,2,0,,,,,,,,,,
E12,31,3,0,,,,,,,,,,
E12,31,4,0,,,,,,,,,,
E12,31,5,0,,,,,,,,,,
E12,32,1,1,0,22,67,0,0,0,,,,
E12,32,2,0,,,,,,,,,,
E12,32,3,1,1,3,75,0,1,0,,,,
E12,32,4,0,,,,,,,,,,
E12,32,5,0,,,,,,,,,,
E12,33,1,1,0,0,60,0,0,0,,,,
E12,33,2,0,,,,,,,,,,
E12,33,3,0,,,,,,,,,,
E12,33,4,0,,,,,,,,,,
E12,33,5,1,0,0,75,0,10,0,,,,
E12,34,1,0,,,,,,,,,,
E12,34,2,1,0,15,70,15,0,0,,,,
E12,34,3,1,0,0,70,10,0,0,,,,
E12,34,4,0,,,,,,,,,,
E12,34,5,1,0,0,60,0,15,0,,,,
E12,35,1,1,20,0,70,0,10,0,,,,
E12,35,2,1,15,19,69,62,14,0,,,,
E12,35,3,1,15,0,30,10,0,0,,,,
E12,35,4,0,,,,,,,,,,
E12,35,5,1,10,15,10,15,20,0,,,,
E12,36,1,0,,,,,,,,,,
E12,36,2,1,0,0,25,0,0,0,,,,
E12,36,3,0,,,,,,,,,,
E12,36,4,1,0,0,30,0,2,0,,,,
E12,36,5,0,,,,,,,,,,
E12,37,1,1,0,0,75,0,0,0,,,,
E12,37,2,1,0,0,75,1,0,0,,,,
E12,37,3,0,,,,,,,,,,
E12,37,4,1,0,1,80,0,15,0,,,,
E12,37,5,0,,,,,,,,,,
E12,38,1,0,,,,,,,,,,
E12,38,2,0,,,,,,,,,,
E12,38,3,1,0,0,75,0,0,0,,,,
E12,38,4,0,,,,,,,,,,
E12,38,5,1,0,0,35,0,0,0,,,,
E12,39,1,0,,,,,,,,,,
E12,39,2,1,0,0,15,0,0,0,,,,
E12,39,3,0,,,,,,,,,,
E12,39,4,1,0,0,20,0,0,0,,,,
E12,39,5,0,,,,,,,,,,
E12,40,1,1,0,0,0,0,0,0,,,,
E12,40,2,1,0,0,0,0,0,0,,,,
E12,40,3,1,0,0,0,0,0,0,,,,
E12,40,4,1,0,0,16,0,1,0,,,,
E12,40,5,1,1,0,0,0,1,0,,,,
E12,41,1,1,0,0,0,0,0,0,,,,
E12,41,2,0,,,,,,,,,,
E12,41,3,0,,,,,,,,,,
E12,41,4,0,,,,,,,,,,
E12,41,5,1,20,0,15,0,0,0,,,,
E12,42,1,0,,,,,,,,,,
E12,42,2,1,0,0,35,0,0,0,,,,
E12,42,3,0,,,,,,,,,,
E12,42,4,1,0,0,0,0,0,0,,,,
E12,42,5,1,0,0,0,0,0,0,,,,
E13,1,1,0,,,,,,,,,,
E13,1,2,1,15,20,65,30,64,0,,,,
E13,1,3,1,20,31,68,29,82,1,0,,,0
E13,1,4,0,,,,,,,,,,
E13,1,5,1,32,31,35,56,32,0,,,,
E13,2,1,1,10,29,68,18,83,0,,,,
E13,2,2,1,27,23,61,31,77,0,,,,
E13,2,3,1,79,38,71,36,67,0,,,,
E13,2,4,0,,,,,,,,,,
E13,2,5,1,14,21,71,18,14,0,,,,
E13,3,1,1,16,22,72,23,80,0,,,,
E13,3,2,0,,,,,,,,,,
E13,3,3,1,28,29,63,18,90,0,,,,
E13,3,4,1,25,24,83,65,95,0,,,,
E13,3,5,1,22,19,92,26,81,1,1,1,1,0
E13,4,1,1,17,20,81,22,73,1,2,1,0,0
E13,4,2,0,,,,,,,,,,
E13,4,3,0,,,,,,,,,,
E13,4,4,1,23,22,86,22,33,0,,,,
E13,4,5,1,25,24,76,31,82,0,,,,
E13,5,1,1,26,24,87,23,90,0,,,,
E13,5,2,0,,,,,,,,,,
E13,5,3,0,,,,,,,,,,
E13,5,4,1,22,78,92,37,76,1,1,1,0,0
E13,5,5,1,18,25,84,23,87,0,,,,
E13,6,1,0,,,,,,,,,,
E13,6,2,1,20,21,79,19,67,0,,,,
E13,6,3,1,25,25,84,28,80,0,,,,
E13,6,4,1,27,25,84,24,73,0,,,,
E13,6,5,1,76,86,90,41,87,0,,,,
E13,7,1,1,31,31,88,28,86,0,,,,
E13,7,2,0,,,,,,,,,,
E13,7,3,0,,,,,,,,,,
E13,7,4,1,24,53,83,24,63,0,,,,
E13,7,5,1,28,29,86,24,27,0,,,,
E13,8,1,1,24,25,81,15,84,0,,,,
E13,8,2,1,28,23,72,17,83,0,,,,
E13,8,3,0,,,,,,,,,,
E13,8,4,1,26,23,83,43,78,0,,,,
E13,8,5,1,27,40,85,16,65,0,,,,
E13,9,1,1,28,33,74,27,79,0,,,,
E13,9,2,1,21,24,69,24,75,0,,,,
E13,9,3,1,33,32,82,33,67,0,,,,
E13,9,4,1,31,32,76,41,73,0,,,,
E13,9,5,0,,,,,,,,,,
E13,10,1,0,,,,,,,,,,
E13,10,2,0,,,,,,,,,,
E13,10,3,1,37,43,77,42,75,0,,,,
E13,10,4,1,33,33,68,35,67,0,,,,
E13,10,5,1,32,39,54,67,70,0,,,,
E13,11,1,0,,,,,,,,,,
E13,11,2,1,37,40,68,30,70,0,,,,
E13,11,3,1,35,48,66,36,61,0,,,,
E13,11,4,1,40,36,71,63,62,0,,,,
E13,11,5,1,28,38,69,62,67,0,,,,
E13,12,1,1,33,35,64,42,61,0,,,,
E13,12,2,1,50,50,57,55,76,0,,,,
E13,12,3,0,,,,,,,,,,
E13,12,4,1,40,41,59,51,73,0,,,,
E13,12,5,0,,,,,,,,,,
E13,13,1,1,35,42,68,61,63,0,,,,
E13,13,2,0,,,,,,,,,,
E13,13,3,0,,,,,,,,,,
E13,13,4,1,37,40,50,44,64,0,,,,
E13,13,5,1,51,43,55,45,69,0,,,,
E13,14,1,0,,,,,,,,,,
E13,14,2,1,50,50,69,40,66,0,,,,
E13,14,3,0,,,,,,,,,,
E13,14,4,0,,,,,,,,,,
E13,14,5,1,43,46,65,43,69,0,,,,
E13,15,1,0,,,,,,,,,,
E13,15,2,0,,,,,,,,,,
E13,15,3,1,45,43,49,47,63,0,,,,
E13,15,4,0,,,,,,,,,,
E13,15,5,0,,,,,,,,,,
E13,16,1,1,50,50,71,57,79,1,1,2,0,0
E13,16,2,1,38,63,63,47,74,0,,,,
E13,16,3,0,,,,,,,,,,
E13,16,4,0,,,,,,,,,,
E13,16,5,0,,,,,,,,,,
E13,17,1,0,,,,,,,,,,
E13,17,2,0,,,,,,,,,,
E13,17,3,0,,,,,,,,,,
E13,17,4,0,,,,,,,,,,
E13,17,5,0,,,,,,,,,,
E13,18,1,1,47,52,61,49,75,0,,,,
E13,18,2,0,,,,,,,,,,
E13,18,3,0,,,,,,,,,,
E13,18,4,0,,,,,,,,,,
E13,18,5,0,,,,,,,,,,
E13,19,1,0,,,,,,,,,,
E13,19,2,1,50,44,62,65,72,0,,,,
E13,19,3,0,,,,,,,,,,
E13,19,4,0,,,,,,,,,,
E13,19,5,0,,,,,,,,,,
E13,20,1,0,,,,,,,,,,
E13,20,2,1,40,42,63,45,67,0,,,,
E13,20,3,0,,,,,,,,,,
E13,20,4,0,,,,,,,,,,
E13,20,5,0,,,,,,,,,,
E13,21,1,1,40,39,57,45,61,0,,,,
E13,21,2,0,,,,,,,,,,
E13,21,3,0,,,,,,,,,,
E13,21,4,0,,,,,,,,,,
E13,21,5,0,,,,,,,,,,
E13,22,1,1,50,40,65,40,75,1,1,0,,0
E13,22,2,0,,,,,,,,,,
E13,22,3,0,,,,,,,,,,
E13,22,4,0,,,,,,,,,,
E13,22,5,0,,,,,,,,,,
E13,23,1,0,,,,,,,,,,
E13,23,2,0,,,,,,,,,,
E13,23,3,0,,,,,,,,,,
E13,23,4,0,,,,,,,,,,
E13,23,5,0,,,,,,,,,,
E13,24,1,0,,,,,,,,,,
E13,24,2,0,,,,,,,,,,
E13,24,3,0,,,,,,,,,,
E13,24,4,0,,,,,,,,,,
E13,24,5,0,,,,,,,,,,
E13,25,1,0,,,,,,,,,,
E13,25,2,0,,,,,,,,,,
E13,25,3,0,,,,,,,,,,
E13,25,4,0,,,,,,,,,,
E13,25,5,0,,,,,,,,,,
E13,26,1,0,,,,,,,,,,
E13,26,2,0,,,,,,,,,,
E13,26,3,0,,,,,,,,,,
E13,26,4,0,,,,,,,,,,
E13,26,5,0,,,,,,,,,,
E13,27,1,0,,,,,,,,,,
E13,27,2,0,,,,,,,,,,
E13,27,3,0,,,,,,,,,,
E13,27,4,0,,,,,,,,,,
E13,27,5,0,,,,,,,,,,
E13,28,1,1,40,37,47,42,82,0,,,,
E13,28,2,0,,,,,,,,,,
E13,28,3,0,,,,,,,,,,
E13,28,4,0,,,,,,,,,,
E13,28,5,1,80,63,44,42,88,1,2,0,,1
E13,29,1,0,,,,,,,,,,
E13,29,2,0,,,,,,,,,,
E13,29,3,0,,,,,,,,,,
E13,29,4,0,,,,,,,,,,
E13,29,5,0,,,,,,,,,,
E13,30,1,0,,,,,,,,,,
E13,30,2,0,,,,,,,,,,
E13,30,3,0,,,,,,,,,,
E13,30,4,0,,,,,,,,,,
E13,30,5,0,,,,,,,,,,
E13,31,1,0,,,,,,,,,,
E13,31,2,0,,,,,,,,,,
E13,31,3,0,,,,,,,,,,
E13,31,4,0,,,,,,,,,,
E13,31,5,0,,,,,,,,,,
E13,32,1,0,,,,,,,,,,
E13,32,2,0,,,,,,,,,,
E13,32,3,0,,,,,,,,,,
E13,32,4,0,,,,,,,,,,
E13,32,5,0,,,,,,,,,,
E13,33,1,0,,,,,,,,,,
E13,33,2,0,,,,,,,,,,
E13,33,3,0,,,,,,,,,,
E13,33,4,0,,,,,,,,,,
E13,33,5,0,,,,,,,,,,
E13,34,1,0,,,,,,,,,,
E13,34,2,0,,,,,,,,,,
E13,34,3,0,,,,,,,,,,
E13,34,4,0,,,,,,,,,,
E13,34,5,0,,,,,,,,,,
E13,35,1,0,,,,,,,,,,
E13,35,2,0,,,,,,,,,,
E13,35,3,0,,,,,,,,,,
E13,35,4,0,,,,,,,,,,
E13,35,5,0,,,,,,,,,,
E13,36,1,0,,,,,,,,,,
E13,36,2,0,,,,,,,,,,
E13,36,3,0,,,,,,,,,,
E13,36,4,0,,,,,,,,,,
E13,36,5,0,,,,,,,,,,
E13,37,1,0,,,,,,,,,,
E13,37,2,0,,,,,,,,,,
E13,37,3,0,,,,,,,,,,
E13,37,4,0,,,,,,,,,,
E13,37,5,0,,,,,,,,,,
E13,38,1,0,,,,,,,,,,
E13,38,2,0,,,,,,,,,,
E13,38,3,1,32,39,64,76,64,0,,,,
E13,38,4,0,,,,,,,,,,
E13,38,5,0,,,,,,,,,,
E13,39,1,1,42,43,54,83,89,0,,,,
E13,39,2,0,,,,,,,,,,
E13,39,3,0,,,,,,,,,,
E13,39,4,0,,,,,,,,,,
E13,39,5,1,51,43,61,90,50,0,,,,
E13,40,1,0,,,,,,,,,,
E13,40,2,0,,,,,,,,,,
E13,40,3,0,,,,,,,,,,
E13,40,4,0,,,,,,,,,,
E13,40,5,1,36,38,86,89,85,0,,,,
E13,41,1,0,,,,,,,,,,
E13,41,2,0,,,,,,,,,,
E13,41,3,0,,,,,,,,,,
E13,41,4,0,,,,,,,,,,
E13,41,5,0,,,,,,,,,,
E13,42,1,0,,,,,,,,,,
E13,42,2,0,,,,,,,,,,
E13,42,3,0,,,,,,,,,,
E13,42,4,1,50,50,67,84,77,0,,,,
E13,42,5,0,,,,,,,,,,
E14,1,1,1,1,10,0,80,0,0,,,,
E14,1,2,1,0,85,89,100,70,0,,,,
E14,1,3,1,0,74,60,50,78,1,1,0,,0
E14,1,4,1,16,75,76,50,22,1,1,1,0,0
E14,1,5,1,0,0,75,81,0,0,,,,
E14,2,1,1,0,69,63,85,21,0,,,,
E14,2,2,0,,,,,,,,,,
E14,2,3,0,,,,,,,,,,
E14,2,4,1,1,52,17,25,50,0,,,,
E14,2,5,0,,,,,,,,,,
E14,3,1,0,,,,,,,,,,
E14,3,2,0,,,,,,,,,,
E14,3,3,0,,,,,,,,,,
E14,3,4,0,,,,,,,,,,
E14,3,5,1,14,15,21,75,63,0,,,,
E14,4,1,1,1,23,30,50,50,0,,,,
E14,4,2,0,,,,,,,,,,
E14,4,3,1,0,22,22,50,50,0,,,,
E14,4,4,1,1,64,15,52,50,0,,,,
E14,4,5,1,0,22,66,81,50,1,1,0,,0
E14,5,1,0,,,,,,,,,,
E14,5,2,1,0,75,24,70,50,1,1,0,,0
E14,5,3,1,10,65,18,33,68,0,,,,
E14,5,4,0,,,,,,,,,,
E14,5,5,1,2,70,28,50,50,1,0,,,0
E14,6,1,1,0,29,20,50,50,0,,,,
E14,6,2,1,0,18,39,26,25,0,,,,
E14,6,3,1,16,74,26,63,77,0,,,,
E14,6,4,1,2,64,15,59,58,1,0,,,0
E14,6,5,1,0,78,23,50,68,0,,,,
E14,7,1,1,0,16,8,56,23,0,,,,
E14,7,2,1,1,72,22,66,60,0,,,,
E14,7,3,1,0,73,62,84,50,0,,,,
E14,7,4,1,0,39,68,97,69,1,0,,,
E14,7,5,1,3,29,49,80,80,1,0,,,
E14,8,1,1,0,65,20,100,56,0,,,,
E14,8,2,1,0,50,67,100,26,1,0,,,
E14,8,3,1,0,73,86,100,71,1,1,0,,0
E14,8,4,1,0,27,79,100,65,1,1,0,,0
E14,8,5,1,0,70,82,100,76,1,1,1,0,0
E14,9,1,0,,,,,,,,,,
E14,9,2,0,,,,,,,,,,
E14,9,3,1,0,70,78,100,73,1,0,,,0
E14,9,4,1,0,71,81,100,71,1,1,1,0,0
E14,9,5,1,0,31,63,100,100,1,1,1,0,0
E14,10,1,0,,,,,,,,,,
E14,10,2,1,0,87,87,100,100,1,0,,,0
E14,10,3,1,0,80,88,100,100,1,1,0,,0
E14,10,4,1,0,29,50,58,78,1,0,,,0
E14,10,5,1,0,80,88,100,91,1,1,0,,0
E14,11,1,1,1,2,68,100,81,0,,,,
E14,11,2,1,2,76,50,98,77,0,,,,
E14,11,3,0,,,,,,,,,,
E14,11,4,0,,,,,,,,,,
E14,11,5,1,2,81,25,100,78,0,,,,
E14,12,1,0,,,,,,,,,,
E14,12,2,0,,,,,,,,,,
E14,12,3,1,0,84,100,100,79,1,1,1,0,0
E14,12,4,1,0,72,100,100,89,0,,,,
E14,12,5,0,,,,,,,,,,
E14,13,1,0,,,,,,,,,,
E14,13,2,1,0,75,86,100,100,0,,,,
E14,13,3,1,0,77,67,100,100,0,,,,
E14,13,4,1,1,31,30,100,76,1,1,0,,0
E14,13,5,1,0,74,77,100,79,0,,,,
E14,14,1,1,0,73,61,100,100,1,1,1,1,0
E14,14,2,1,0,86,22,100,100,1,0,,,0
E14,14,3,0,,,,,,,,,,
E14,14,4,1,0,69,53,100,94,0,,,,
E14,14,5,1,0,75,79,100,92,0,,,,
E14,15,1,0,,,,,,,,,,
E14,15,2,0,,,,,,,,,,
E14,15,3,1,0,70,39,83,74,1,1,0,,0
E14,15,4,0,,,,,,,,,,
E14,15,5,1,0,77,71,100,81,1,1,1,0,0
E14,16,1,0,,,,,,,,,,
E14,16,2,1,1,100,23,74,87,1,1,1,0,0
E14,16,3,0,,,,,,,,,,
E14,16,4,0,,,,,,,,,,
E14,16,5,1,0,89,82,100,83,1,1,1,0,0
E14,17,1,0,,,,,,,,,,
E14,17,2,0,,,,,,,,,,
E14,17,3,1,0,79,78,100,100,1,1,1,0,0
E14,17,4,0,,,,,,,,,,
E14,17,5,1,0,89,23,81,79,1,1,1,0,0
E14,18,1,0,,,,,,,,,,
E14,18,2,0,,,,,,,,,,
E14,18,3,1,0,82,51,70,90,0,,,,
E14,18,4,0,,,,,,,,,,
E14,18,5,0,,,,,,,,,,
E14,19,1,0,,,,,,,,,,
E14,19,2,0,,,,,,,,,,
E14,19,3,0,,,,,,,,,,
E14,19,4,1,0,100,100,100,100,1,1,1,0,0
E14,19,5,1,0,94,100,97,95,1,1,1,0,0
E14,20,1,1,3,71,67,79,91,0,,,,
E14,20,2,0,,,,,,,,,,
E14,20,3,1,0,78,71,86,72,0,,,,
E14,20,4,0,,,,,,,,,,
E14,20,5,1,0,86,65,79,87,0,,,,
E14,21,1,0,,,,,,,,,,
E14,21,2,0,,,,,,,,,,
E14,21,3,0,,,,,,,,,,
E14,21,4,0,,,,,,,,,,
E14,21,5,0,,,,,,,,,,
E14,22,1,1,1,2,100,63,88,1,1,1,0,0
E14,22,2,1,0,85,83,85,93,1,0,,,0
E14,22,3,0,,,,,,,,,,
E14,22,4,0,,,,,,,,,,
E14,22,5,0,,,,,,,,,,
E14,23,1,0,,,,,,,,,,
E14,23,2,0,,,,,,,,,,
E14,23,3,0,,,,,,,,,,
E14,23,4,1,31,70,82,57,72,1,0,,,0
E14,23,5,0,,,,,,,,,,
E14,24,1,1,12,82,43,68,67,0,,,,
E14,24,2,0,,,,,,,,,,
E14,24,3,0,,,,,,,,,,
E14,24,4,1,2,71,95,72,83,0,,,,
E14,24,5,0,,,,,,,,,,
E14,25,1,0,,,,,,,,,,
E14,25,2,0,,,,,,,,,,
E14,25,3,0,,,,,,,,,,
E14,25,4,0,,,,,,,,,,
E14,25,5,0,,,,,,,,,,
E14,26,1,0,,,,,,,,,,
E14,26,2,1,0,50,77,96,67,0,,,,
E14,26,3,0,,,,,,,,,,
E14,26,4,0,,,,,,,,,,
E14,26,5,0,,,,,,,,,,
E14,27,1,1,0,29,100,90,50,0,,,,
E14,27,2,0,,,,,,,,,,
E14,27,3,0,,,,,,,,,,
E14,27,4,0,,,,,,,,,,
E14,27,5,1,0,71,66,91,73,1,1,1,0,0
E14,28,1,0,,,,,,,,,,
E14,28,2,1,2,23,28,32,34,0,,,,
E14,28,3,0,,,,,,,,,,
E14,28,4,0,,,,,,,,,,
E14,28,5,0,,,,,,,,,,
E14,29,1,0,,,,,,,,,,
E14,29,2,0,,,,,,,,,,
E14,29,3,0,,,,,,,,,,
E14,29,4,0,,,,,,,,,,
E14,29,5,1,0,66,14,79,36,0,,,,
E14,30,1,0,,,,,,,,,,
E14,30,2,0,,,,,,,,,,
E14,30,3,1,0,88,50,68,77,1,1,1,0,0
E14,30,4,1,0,80,63,71,85,1,1,1,1,0
E14,30,5,0,,,,,,,,,,
E14,31,1,0,,,,,,,,,,
E14,31,2,0,,,,,,,,,,
E14,31,3,0,,,,,,,,,,
E14,31,4,0,,,,,,,,,,
E14,31,5,0,,,,,,,,,,
E14,32,1,0,,,,,,,,,,
E14,32,2,0,,,,,,,,,,
E14,32,3,1,18,30,27,81,10,0,,,,
E14,32,4,0,,,,,,,,,,
E14,32,5,0,,,,,,,,,,
E14,33,1,0,,,,,,,,,,
E14,33,2,0,,,,,,,,,,
E14,33,3,1,0,21,25,64,14,0,,,,
E14,33,4,0,,,,,,,,,,
E14,33,5,0,,,,,,,,,,
E14,34,1,0,,,,,,,,,,
E14,34,2,0,,,,,,,,,,
E14,34,3,0,,,,,,,,,,
E14,34,4,0,,,,,,,,,,
E14,34,5,1,0,74,49,88,24,0,,,,
E14,35,1,0,,,,,,,,,,
E14,35,2,0,,,,,,,,,,
E14,35,3,0,,,,,,,,,,
E14,35,4,0,,,,,,,,,,
E14,35,5,0,,,,,,,,,,
E14,36,1,0,,,,,,,,,,
E14,36,2,0,,,,,,,,,,
E14,36,3,1,0,78,0,63,85,0,,,,
E14,36,4,0,,,,,,,,,,
E14,36,5,1,0,52,13,75,63,0,,,,
E14,37,1,1,0,0,0,20,0,0,,,,
E14,37,2,0,,,,,,,,,,
E14,37,3,0,,,,,,,,,,
E14,37,4,0,,,,,,,,,,
E14,37,5,0,,,,,,,,,,
E14,38,1,0,,,,,,,,,,
E14,38,2,0,,,,,,,,,,
E14,38,3,0,,,,,,,,,,
E14,38,4,0,,,,,,,,,,
E14,38,5,0,,,,,,,,,,
E14,39,1,0,,,,,,,,,,
E14,39,2,0,,,,,,,,,,
E14,39,3,0,,,,,,,,,,
E14,39,4,0,,,,,,,,,,
E14,39,5,0,,,,,,,,,,
E14,40,1,0,,,,,,,,,,
E14,40,2,0,,,,,,,,,,
E14,40,3,0,,,,,,,,,,
E14,40,4,0,,,,,,,,,,
E14,40,5,0,,,,,,,,,,
E14,41,1,0,,,,,,,,,,
E14,41,2,0,,,,,,,,,,
E14,41,3,0,,,,,,,,,,
E14,41,4,0,,,,,,,,,,
E14,41,5,1,0,28,2,18,28,0,,,,
E14,42,1,0,,,,,,,,,,
E14,42,2,0,,,,,,,,,,
E14,42,3,0,,,,,,,,,,
E14,42,4,1,0,25,0,30,17,0,,,,
E14,42,5,0,,,,,,,,,,
E15,1,1,1,17,39,68,68,72,0,,,,
E15,1,2,1,16,18,20,6,23,0,,,,
E15,1,3,1,78,60,81,77,95,0,,,,
E15,1,4,1,35,17,23,20,77,0,,,,
E15,1,5,0,,,,,,,,,,
E15,2,1,1,10,14,15,89,83,0,,,,
E15,2,2,1,38,8,7,10,41,0,,,,
E15,2,3,0,,,,,,,,,,
E15,2,4,1,28,14,70,75,72,0,,,,
E15,2,5,1,5,20,19,10,17,0,,,,
E15,3,1,1,29,34,35,24,19,0,,,,
E15,3,2,1,6,21,24,11,12,0,,,,
E15,3,3,1,7,11,11,11,34,0,,,,
E15,3,4,1,81,72,81,21,85,0,,,,
E15,3,5,1,8,21,21,20,25,0,,,,
E15,4,1,1,25,16,26,19,26,0,,,,
E15,4,2,1,9,10,12,13,14,0,,,,
E15,4,3,1,8,7,12,13,17,0,,,,
E15,4,4,1,14,18,22,17,25,0,,,,
E15,4,5,1,8,9,29,5,9,0,,,,
E15,5,1,1,23,16,16,10,16,1,0,,,0
E15,5,2,1,33,31,29,23,18,0,,,,
E15,5,3,0,,,,,,,,,,
E15,5,4,1,14,17,18,18,19,0,,,,
E15,5,5,1,24,28,23,18,27,0,,,,
E15,6,1,1,24,24,24,28,26,0,,,,
E15,6,2,0,,,,,,,,,,
E15,6,3,1,19,18,15,20,24,0,,,,
E15,6,4,1,42,42,37,34,39,0,,,,
E15,6,5,1,38,40,63,39,31,0,,,,
E15,7,1,0,,,,,,,,,,
E15,7,2,1,34,36,35,36,23,0,,,,
E15,7,3,1,25,28,25,33,19,1,1,2,0,0
E15,7,4,1,77,67,88,59,67,0,,,,
E15,7,5,1,33,33,65,68,37,0,,,,
E15,8,1,1,42,46,65,33,39,0,,,,
E15,8,2,1,31,29,26,27,35,0,,,,
E15,8,3,1,38,36,20,42,38,0,,,,
E15,8,4,1,17,3,61,2,19,0,,,,
E15,8,5,1,12,12,9,10,12,0,,,,
E15,9,1,1,8,15,21,1,1,0,,,,
E15,9,2,0,,,,,,,,,,
E15,9,3,0,,,,,,,,,,
E15,9,4,1,28,18,24,12,7,0,,,,
E15,9,5,1,13,13,23,36,20,0,,,,
E15,10,1,1,22,24,20,27,17,0,,,,
E15,10,2,1,14,23,20,34,13,0,,,,
E15,10,3,1,21,15,34,14,18,0,,,,
E15,10,4,0,,,,,,,,,,
E15,10,5,1,10,17,26,20,21,0,,,,
E15,11,1,0,,,,,,,,,,
E15,11,2,1,23,23,19,16,28,0,,,,
E15,11,3,1,20,21,17,29,19,0,,,,
E15,11,4,1,25,29,31,31,35,0,,,,
E15,11,5,1,16,18,84,38,18,0,,,,
E15,12,1,0,,,,,,,,,,
E15,12,2,0,,,,,,,,,,
E15,12,3,1,38,36,34,71,27,0,,,,
E15,12,4,1,18,21,16,18,21,0,,,,
E15,12,5,1,15,27,21,22,23,0,,,,
E15,13,1,0,,,,,,,,,,
E15,13,2,1,19,25,28,26,25,0,,,,
E15,13,3,0,,,,,,,,,,
E15,13,4,1,22,24,23,21,23,0,,,,
E15,13,5,1,27,28,19,21,27,0,,,,
E15,14,1,0,,,,,,,,,,
E15,14,2,1,20,31,21,23,29,0,,,,
E15,14,3,1,24,27,20,26,33,0,,,,
E15,14,4,1,21,24,18,26,32,0,,,,
E15,14,5,1,6,5,7,5,8,0,,,,
E15,15,1,1,20,20,22,62,66,0,,,,
E15,15,2,1,15,20,34,17,20,0,,,,
E15,15,3,1,17,29,36,33,29,0,,,,
E15,15,4,0,,,,,,,,,,
E15,15,5,1,8,12,10,3,14,0,,,,
E15,16,1,0,,,,,,,,,,
E15,16,2,1,13,10,11,16,14,0,,,,
E15,16,3,0,,,,,,,,,,
E15,16,4,1,13,17,17,17,19,0,,,,
E15,16,5,1,15,17,16,16,13,0,,,,
E15,17,1,0,,,,,,,,,,
E15,17,2,1,29,37,36,31,21,0,,,,
E15,17,3,0,,,,,,,,,,
E15,17,4,1,12,14,12,11,25,0,,,,
E15,17,5,0,,,,,,,,,,
E15,18,1,0,,,,,,,,,,
E15,18,2,1,11,13,7,33,34,0,,,,
E15,18,3,1,16,16,20,27,32,0,,,,
E15,18,4,1,10,14,12,13,5,0,,,,
E15,18,5,1,14,14,21,14,10,0,,,,
E15,19,1,1,11,13,18,14,33,0,,,,
E15,19,2,1,14,10,8,12,18,0,,,,
E15,19,3,0,,,,,,,,,,
E15,19,4,1,11,11,18,12,15,0,,,,
E15,19,5,1,2,3,5,3,7,0,,,,
E15,20,1,0,,,,,,,,,,
E15,20,2,0,,,,,,,,,,
E15,20,3,0,,,,,,,,,,
E15,20,4,1,21,15,6,15,69,0,,,,
E15,20,5,1,9,11,9,17,24,0,,,,
E15,21,1,1,27,74,18,31,18,0,,,,
E15,21,2,1,11,12,18,13,14,0,,,,
E15,21,3,0,,,,,,,,,,
E15,21,4,1,13,22,18,20,50,0,,,,
E15,21,5,1,10,13,8,9,14,0,,,,
E15,22,1,1,11,8,7,6,11,0,,,,
E15,22,2,1,8,15,13,9,12,0,,,,
E15,22,3,1,13,12,21,29,24,0,,,,
E15,22,4,1,17,11,18,7,6,0,,,,
E15,22,5,1,7,3,7,8,5,0,,,,
E15,23,1,0,,,,,,,,,,
E15,23,2,1,11,8,6,7,4,0,,,,
E15,23,3,1,11,7,14,13,10,0,,,,
E15,23,4,0,,,,,,,,,,
E15,23,5,1,26,23,24,19,20,0,,,,
E15,24,1,0,,,,,,,,,,
E15,24,2,1,14,12,13,13,20,0,,,,
E15,24,3,1,6,7,13,8,8,0,,,,
E15,24,4,1,20,13,14,15,13,0,,,,
E15,24,5,1,11,10,13,12,7,0,,,,
E15,25,1,0,,,,,,,,,,
E15,25,2,1,10,9,8,12,12,0,,,,
E15,25,3,1,11,11,21,29,19,0,,,,
E15,25,4,1,10,16,16,12,15,0,,,,
E15,25,5,0,,,,,,,,,,
E15,26,1,0,,,,,,,,,,
E15,26,2,1,15,18,18,16,13,0,,,,
E15,26,3,1,14,19,13,10,50,0,,,,
E15,26,4,1,17,27,16,12,14,0,,,,
E15,26,5,1,19,61,24,18,67,0,,,,
E15,27,1,0,,,,,,,,,,
E15,27,2,1,12,20,21,12,33,0,,,,
E15,27,3,1,17,25,12,23,20,0,,,,
E15,27,4,1,10,24,12,12,10,0,,,,
E15,27,5,0,,,,,,,,,,
E15,28,1,0,,,,,,,,,,
E15,28,2,1,14,15,11,12,21,0,,,,
E15,28,3,1,11,11,9,21,8,0,,,,
E15,28,4,0,,,,,,,,,,
E15,28,5,0,,,,,,,,,,
E15,29,1,0,,,,,,,,,,
E15,29,2,1,64,25,12,33,23,0,,,,
E15,29,3,1,8,8,12,14,12,0,,,,
E15,29,4,1,13,23,12,11,16,0,,,,
E15,29,5,1,13,11,13,10,7,0,,,,
E15,30,1,0,,,,,,,,,,
E15,30,2,1,17,8,12,18,11,0,,,,
E15,30,3,1,19,12,15,12,80,0,,,,
E15,30,4,1,10,27,20,17,15,0,,,,
E15,30,5,1,19,23,18,38,9,0,,,,
E15,31,1,0,,,,,,,,,,
E15,31,2,1,16,22,31,11,22,0,,,,
E15,31,3,1,14,10,22,20,13,0,,,,
E15,31,4,1,18,11,21,13,13,0,,,,
E15,31,5,1,16,12,11,21,6,0,,,,
E15,32,1,0,,,,,,,,,,
E15,32,2,1,7,4,25,8,3,0,,,,
E15,32,3,1,16,28,12,8,24,0,,,,
E15,32,4,0,,,,,,,,,,
E15,32,5,0,,,,,,,,,,
E15,33,1,1,24,19,67,22,21,0,,,,
E15,33,2,0,,,,,,,,,,
E15,33,3,1,12,8,19,10,16,0,,,,
E15,33,4,0,,,,,,,,,,
E15,33,5,1,12,21,11,13,14,0,,,,
E15,34,1,1,5,6,14,6,3,0,,,,
E15,34,2,1,15,10,13,17,4,0,,,,
E15,34,3,1,25,10,2,1,1,0,,,,
E15,34,4,1,12,7,25,5,4,0,,,,
E15,34,5,0,,,,,,,,,,
E15,35,1,0,,,,,,,,,,
E15,35,2,1,16,4,20,16,0,0,,,,
E15,35,3,1,23,9,24,25,7,0,,,,
E15,35,4,1,66,76,80,14,62,1,1,1,0,0
E15,35,5,1,19,35,77,33,17,0,,,,
E15,36,1,1,14,18,16,12,14,0,,,,
E15,36,2,0,,,,,,,,,,
E15,36,3,0,,,,,,,,,,
E15,36,4,1,6,0,17,7,3,0,,,,
E15,36,5,0,,,,,,,,,,
E15,37,1,0,,,,,,,,,,
E15,37,2,1,12,20,4,11,2,0,,,,
E15,37,3,0,,,,,,,,,,
E15,37,4,1,22,21,12,13,11,0,,,,
E15,37,5,1,14,25,22,8,78,0,,,,
E15,38,1,0,,,,,,,,,,
E15,38,2,0,,,,,,,,,,
E15,38,3,0,,,,,,,,,,
E15,38,4,0,,,,,,,,,,
E15,38,5,0,,,,,,,,,,
E15,39,1,0,,,,,,,,,,
E15,39,2,0,,,,,,,,,,
E15,39,3,0,,,,,,,,,,
E15,39,4,0,,,,,,,,,,
E15,39,5,0,,,,,,,,,,
E15,40,1,0,,,,,,,,,,
E15,40,2,1,18,10,12,11,11,0,,,,
E15,40,3,1,18,20,12,12,14,0,,,,
E15,40,4,1,27,25,16,21,23,0,,,,
E15,40,5,0,,,,,,,,,,
E15,41,1,0,,,,,,,,,,
E15,41,2,0,,,,,,,,,,
E15,41,3,0,,,,,,,,,,
E15,41,4,0,,,,,,,,,,
E15,41,5,0,,,,,,,,,,
E15,42,1,0,,,,,,,,,,
E15,42,2,1,14,21,13,5,7,0,,,,
E15,42,3,0,,,,,,,,,,
E15,42,4,0,,,,,,,,,,
E15,42,5,0,,,,,,,,,,
E16,1,1,1,19,80,60,60,56,0,,,,
E16,1,2,1,0,30,0,50,30,0,,,,
E16,1,3,1,0,76,0,81,62,0,,,,
E16,1,4,1,0,21,0,21,22,0,,,,
E16,1,5,1,0,0,0,0,0,0,,,,
E16,2,1,1,0,26,0,0,33,0,,,,
E16,2,2,1,35,42,19,14,72,0,,,,
E16,2,3,1,0,67,64,0,28,0,,,,
E16,2,4,1,67,8,7,39,22,0,,,,
E16,2,5,0,,,,,,,,,,
E16,3,1,1,30,12,48,75,81,0,,,,
E16,3,2,1,0,12,0,20,18,0,,,,
E16,3,3,1,0,12,0,58,61,0,,,,
E16,3,4,1,0,50,0,83,88,0,,,,
E16,3,5,1,0,15,0,0,10,0,,,,
E16,4,1,1,9,50,10,0,6,0,,,,
E16,4,2,1,0,89,9,11,79,1,2,0,,0
E16,4,3,1,0,84,91,9,81,1,2,1,0,0
E16,4,4,1,0,20,50,0,42,0,,,,
E16,4,5,0,,,,,,,,,,
E16,5,1,1,15,27,50,50,70,0,,,,
E16,5,2,1,0,19,22,0,31,0,,,,
E16,5,3,1,0,0,0,63,19,0,,,,
E16,5,4,1,16,39,23,34,66,0,,,,
E16,5,5,1,0,79,44,11,60,0,,,,
E16,6,1,1,0,0,0,70,0,0,,,,
E16,6,2,1,0,0,15,51,60,0,,,,
E16,6,3,1,71,0,0,78,7,0,,,,
E16,6,4,1,0,0,0,50,0,0,,,,
E16,6,5,1,0,69,22,38,75,0,,,,
E16,7,1,1,0,71,69,70,70,0,,,,
E16,7,2,0,,,,,,,,,,
E16,7,3,1,0,76,69,68,92,1,1,0,,0
E16,7,4,1,11,63,88,88,90,1,2,1,0,0
E16,7,5,1,0,42,41,42,45,0,,,,
E16,8,1,1,0,0,0,40,0,0,,,,
E16,8,2,1,0,17,0,74,0,0,,,,
E16,8,3,1,0,0,9,77,64,0,,,,
E16,8,4,1,0,23,0,82,65,0,,,,
E16,8,5,0,,,,,,,,,,
E16,9,1,1,0,0,12,65,16,0,,,,
E16,9,2,0,,,,,,,,,,
E16,9,3,0,,,,,,,,,,
E16,9,4,1,13,90,78,58,78,0,,,,
E16,9,5,1,11,92,68,78,87,1,2,2,1,0
E16,10,1,1,5,18,28,50,50,0,,,,
E16,10,2,0,,,,,,,,,,
E16,10,3,1,0,11,8,37,19,0,,,,
E16,10,4,1,0,20,0,34,21,0,,,,
E16,10,5,0,,,,,,,,,,
E16,11,1,1,0,64,0,87,78,0,,,,
E16,11,2,1,0,0,0,35,30,0,,,,
E16,11,3,1,0,0,0,16,6,0,,,,
E16,11,4,1,0,0,0,100,14,0,,,,
E16,11,5,1,0,9,0,23,6,0,,,,
E16,12,1,1,0,20,0,44,23,0,,,,
E16,12,2,1,0,9,20,41,46,0,,,,
E16,12,3,1,0,7,0,45,19,0,,,,
E16,12,4,1,0,0,31,50,25,0,,,,
E16,12,5,0,,,,,,,,,,
E16,13,1,1,0,0,12,43,15,0,,,,
E16,13,2,1,0,0,15,33,26,0,,,,
E16,13,3,0,,,,,,,,,,
E16,13,4,1,0,0,9,79,60,0,,,,
E16,13,5,0,,,,,,,,,,
E16,14,1,1,0,24,0,71,22,0,,,,
E16,14,2,1,0,61,17,71,9,0,,,,
E16,14,3,1,0,25,80,88,39,0,,,,
E16,14,4,1,0,12,15,65,15,0,,,,
E16,14,5,0,,,,,,,,,,
E16,15,1,1,0,0,0,81,14,0,,,,
E16,15,2,0,,,,,,,,,,
E16,15,3,1,0,0,9,66,24,0,,,,
E16,15,4,1,0,0,2,43,0,0,,,,
E16,15,5,0,,,,,,,,,,
E16,16,1,1,0,0,0,84,10,0,,,,
E16,16,2,1,0,14,26,77,6,0,,,,
E16,16,3,1,0,0,27,81,40,0,,,,
E16,16,4,0,,,,,,,,,,
E16,16,5,1,0,0,9,50,6,0,,,,
E16,17,1,1,0,0,7,61,8,0,,,,
E16,17,2,0,,,,,,,,,,
E16,17,3,1,0,44,61,71,61,0,,,,
E16,17,4,0,,,,,,,,,,
E16,17,5,1,0,33,19,67,15,0,,,,
E16,18,1,1,0,0,31,80,34,0,,,,
E16,18,2,1,0,11,30,59,14,0,,,,
E16,18,3,1,0,0,0,38,12,0,,,,
E16,18,4,0,,,,,,,,,,
E16,18,5,0,,,,,,,,,,
E16,19,1,1,0,25,13,66,24,0,,,,
E16,19,2,1,0,0,66,60,15,0,,,,
E16,19,3,0,,,,,,,,,,
E16,19,4,0,,,,,,,,,,
E16,19,5,0,,,,,,,,,,
E16,20,1,1,24,58,93,100,36,1,1,1,0,0
E16,20,2,1,18,37,86,91,18,1,2,1,0,0
E16,20,3,1,18,74,100,84,68,1,1,1,0,0
E16,20,4,1,20,47,87,100,58,1,1,0,,0
E16,20,5,1,40,39,81,91,43,1,1,0,,0
E16,21,1,1,0,24,36,39,48,0,,,,
E16,21,2,0,,,,,,,,,,
E16,21,3,0,,,,,,,,,,
E16,21,4,0,,,,,,,,,,
E16,21,5,1,0,14,53,62,44,0,,,,
E16,22,1,1,0,18,58,44,50,0,,,,
E16,22,2,1,0,0,23,30,22,0,,,,
E16,22,3,0,,,,,,,,,,
E16,22,4,1,0,10,48,24,16,0,,,,
E16,22,5,0,,,,,,,,,,
E16,23,1,1,0,0,0,27,15,0,,,,
E16,23,2,1,0,0,20,39,22,0,,,,
E16,23,3,1,0,0,32,41,12,0,,,,
E16,23,4,0,,,,,,,,,,
E16,23,5,1,0,0,15,53,15,0,,,,
E16,24,1,1,0,18,17,62,26,0,,,,
E16,24,2,0,,,,,,,,,,
E16,24,3,0,,,,,,,,,,
E16,24,4,0,,,,,,,,,,
E16,24,5,0,,,,,,,,,,
E16,25,1,0,,,,,,,,,,
E16,25,2,1,0,0,0,0,0,0,,,,
E16,25,3,1,0,0,0,0,0,0,,,,
E16,25,4,0,,,,,,,,,,
E16,25,5,1,0,0,0,27,0,0,,,,
E16,26,1,1,0,0,0,10,23,0,,,,
E16,26,2,1,22,25,5,17,0,0,,,,
E16,26,3,1,0,23,75,0,11,0,,,,
E16,26,4,0,,,,,,,,,,
E16,26,5,1,0,20,38,16,20,0,,,,
E16,27,1,0,,,,,,,,,,
E16,27,2,0,,,,,,,,,,
E16,27,3,1,12,7,0,0,0,0,,,,
E16,27,4,1,9,15,12,0,0,0,,,,
E16,27,5,1,0,0,0,0,0,0,,,,
E16,28,1,1,0,0,0,8,0,0,,,,
E16,28,2,1,0,0,28,0,50,0,,,,
E16,28,3,1,0,0,5,10,0,0,,,,
E16,28,4,1,0,0,0,20,0,0,,,,
E16,28,5,1,8,0,33,0,14,0,,,,
E16,29,1,1,0,22,10,14,0,0,,,,
E16,29,2,1,0,0,20,12,12,0,,,,
E16,29,3,0,,,,,,,,,,
E16,29,4,1,0,11,0,4,0,0,,,,
E16,29,5,0,,,,,,,,,,
E16,30,1,1,0,0,0,22,18,0,,,,
E16,30,2,1,0,0,0,29,0,0,,,,
E16,30,3,1,0,0,20,16,26,0,,,,
E16,30,4,1,0,0,19,11,0,0,,,,
E16,30,5,0,,,,,,,,,,
E16,31,1,1,0,0,0,13,13,0,,,,
E16,31,2,0,,,,,,,,,,
E16,31,3,0,,,,,,,,,,
E16,31,4,1,0,0,7,0,0,0,,,,
E16,31,5,0,,,,,,,,,,
E16,32,1,0,,,,,,,,,,
E16,32,2,1,0,0,0,0,0,0,,,,
E16,32,3,1,0,0,6,0,0,0,,,,
E16,32,4,1,0,0,21,10,0,0,,,,
E16,32,5,0,,,,,,,,,,
E16,33,1,1,0,24,0,21,0,0,,,,
E16,33,2,0,,,,,,,,,,
E16,33,3,1,0,21,12,50,0,0,,,,
E16,33,4,0,,,,,,,,,,
E16,33,5,1,0,0,0,10,0,0,,,,
E16,34,1,0,,,,,,,,,,
E16,34,2,1,0,0,0,0,0,0,,,,
E16,34,3,0,,,,,,,,,,
E16,34,4,0,,,,,,,,,,
E16,34,5,1,0,0,1,35,2,0,,,,
E16,35,1,1,50,0,14,16,24,0,,,,
E16,35,2,0,,,,,,,,,,
E16,35,3,0,,,,,,,,,,
E16,35,4,0,,,,,,,,,,
E16,35,5,1,0,0,45,0,12,0,,,,
E16,36,1,0,,,,,,,,,,
E16,36,2,1,0,0,0,0,0,0,,,,
E16,36,3,1,0,0,0,13,9,0,,,,
E16,36,4,1,0,15,0,6,0,0,,,,
E16,36,5,1,0,1,0,0,0,0,,,,
E16,37,1,1,0,0,0,0,0,0,,,,
E16,37,2,1,11,2,0,58,0,0,,,,
E16,37,3,1,0,0,0,0,0,0,,,,
E16,37,4,0,,,,,,,,,,
E16,37,5,1,67,5,5,0,0,0,,,,
E16,38,1,0,,,,,,,,,,
E16,38,2,1,0,0,0,0,0,0,,,,
E16,38,3,1,0,0,0,0,0,0,,,,
E16,38,4,1,1,0,0,23,0,0,,,,
E16,38,5,0,,,,,,,,,,
E16,39,1,1,4,31,12,67,8,0,,,,
E16,39,2,1,0,27,0,59,0,0,,,,
E16,39,3,0,,,,,,,,,,
E16,39,4,1,0,4,0,0,0,0,,,,
E16,39,5,0,,,,,,,,,,
E16,40,1,1,1,3,2,15,3,0,,,,
E16,40,2,0,,,,,,,,,,
E16,40,3,0,,,,,,,,,,
E16,40,4,1,0,0,0,22,0,0,,,,
E16,40,5,1,0,0,0,13,0,0,,,,
E16,41,1,0,,,,,,,,,,
E16,41,2,0,,,,,,,,,,
E16,41,3,0,,,,,,,,,,
E16,41,4,1,0,0,3,0,2,0,,,,
E16,41,5,1,0,1,2,45,2,0,,,,
E16,42,1,0,,,,,,,,,,
E16,42,2,0,,,,,,,,,,
E16,42,3,1,0,0,0,7,5,0,,,,
E16,42,4,1,0,1,12,0,0,0,,,,
E16,42,5,0,,,,,,,,,,
E17,1,1,0,,,,,,,,,,
E17,1,2,0,,,,,,,,,,
E17,1,3,0,,,,,,,,,,
E17,1,4,0,,,,,,,,,,
E17,1,5,0,,,,,,,,,,
E17,2,1,0,,,,,,,,,,
E17,2,2,1,0,50,30,50,10,0,,,,
E17,2,3,1,0,50,50,69,12,0,,,,
E17,2,4,1,0,50,33,74,12,0,,,,
E17,2,5,0,,,,,,,,,,
E17,3,1,1,0,18,7,36,0,0,,,,
E17,3,2,0,,,,,,,,,,
E17,3,3,1,0,25,23,50,3,0,,,,
E17,3,4,1,0,25,29,37,0,0,,,,
E17,3,5,1,27,83,66,75,15,1,1,1,0,0
E17,4,1,0,,,,,,,,,,
E17,4,2,1,0,33,43,58,0,0,,,,
E17,4,3,1,22,72,91,78,0,1,3,2,2,0
E17,4,4,0,,,,,,,,,,
E17,4,5,0,,,,,,,,,,
E17,5,1,0,,,,,,,,,,
E17,5,2,1,29,60,42,55,0,0,,,,
E17,5,3,1,12,45,33,44,19,0,,,,
E17,5,4,1,13,33,27,23,6,0,,,,
E17,5,5,1,4,25,8,29,12,0,,,,
E17,6,1,1,27,34,18,75,17,0,,,,
E17,6,2,1,31,18,56,75,0,0,,,,
E17,6,3,0,,,,,,,,,,
E17,6,4,0,,,,,,,,,,
E17,6,5,1,5,61,41,58,42,0,,,,
E17,7,1,1,4,25,11,29,32,0,,,,
E17,7,2,1,0,44,27,42,14,0,,,,
E17,7,3,1,7,68,46,26,8,1,1,1,1,0
E17,7,4,0,,,,,,,,,,
E17,7,5,1,25,61,58,26,3,0,,,,
E17,8,1,1,36,27,40,27,1,1,1,0,,0
E17,8,2,1,46,35,60,32,0,0,,,,
E17,8,3,0,,,,,,,,,,
E17,8,4,1,22,32,43,34,6,0,,,,
E17,8,5,1,0,17,12,19,21,0,,,,
E17,9,1,0,,,,,,,,,,
E17,9,2,1,8,15,21,28,10,0,,,,
E17,9,3,0,,,,,,,,,,
E17,9,4,1,13,33,20,25,0,0,,,,
E17,9,5,1,1,18,17,30,3,0,,,,
E17,10,1,1,16,10,13,21,6,0,,,,
E17,10,2,1,41,44,18,12,1,0,,,,
E17,10,3,0,,,,,,,,,,
E17,10,4,1,19,27,12,37,16,0,,,,
E17,10,5,1,0,13,0,7,12,0,,,,
E17,11,1,0,,,,,,,,,,
E17,11,2,1,0,11,0,12,4,0,,,,
E17,11,3,1,0,6,15,17,9,0,,,,
E17,11,4,0,,,,,,,,,,
E17,11,5,1,0,25,39,16,2,1,1,0,,0
E17,12,1,0,,,,,,,,,,
E17,12,2,1,3,24,17,17,4,0,,,,
E17,12,3,1,14,63,32,43,10,1,2,1,0,0
E17,12,4,1,44,27,41,32,0,1,2,0,,0
E17,12,5,0,,,,,,,,,,
E17,13,1,0,,,,,,,,,,
E17,13,2,1,58,74,68,57,2,1,2,2,2,0
E17,13,3,1,28,71,66,51,2,1,2,2,2,0
E17,13,4,1,10,43,65,31,2,1,2,1,1,0
E17,13,5,1,0,7,8,11,0,0,,,,
E17,14,1,1,16,13,23,54,2,0,,,,
E17,14,2,1,0,41,32,46,3,0,,,,
E17,14,3,1,10,21,23,21,0,0,,,,
E17,14,4,0,,,,,,,,,,
E17,14,5,0,,,,,,,,,,
E17,15,1,1,0,6,6,23,1,0,,,,
E17,15,2,1,12,19,27,30,4,0,,,,
E17,15,3,0,,,,,,,,,,
E17,15,4,1,10,4,7,14,4,0,,,,
E17,15,5,0,,,,,,,,,,
E17,16,1,1,1,16,13,17,4,0,,,,
E17,16,2,1,14,16,10,12,3,0,,,,
E17,16,3,1,0,55,59,69,0,1,1,1,1,0
E17,16,4,0,,,,,,,,,,
E17,16,5,1,32,54,34,53,18,0,,,,
E17,17,1,0,,,,,,,,,,
E17,17,2,1,2,45,13,14,45,0,,,,
E17,17,3,1,1,53,31,19,37,0,,,,
E17,17,4,1,19,45,10,13,39,0,,,,
E17,17,5,0,,,,,,,,,,
E17,18,1,0,,,,,,,,,,
E17,18,2,1,8,61,21,32,21,0,,,,
E17,18,3,1,9,34,30,26,21,0,,,,
E17,18,4,1,0,21,8,25,0,1,3,0,,0
E17,18,5,1,10,47,4,17,18,0,,,,
E17,19,1,0,,,,,,,,,,
E17,19,2,1,3,14,8,20,3,0,,,,
E17,19,3,1,4,47,19,44,21,1,2,1,0,0
E17,19,4,1,19,54,25,38,3,1,2,0,,0
E17,19,5,1,7,8,8,8,9,0,,,,
E17,20,1,1,6,11,12,38,1,0,,,,
E17,20,2,1,9,35,16,46,1,0,,,,
E17,20,3,0,,,,,,,,,,
E17,20,4,0,,,,,,,,,,
E17,20,5,1,0,15,0,10,0,0,,,,
E17,21,1,1,0,12,1,35,2,0,,,,
E17,21,2,1,2,24,11,16,0,0,,,,
E17,21,3,1,0,22,18,30,0,0,,,,
E17,21,4,1,4,55,18,13,8,0,,,,
E17,21,5,0,,,,,,,,,,
E17,22,1,0,,,,,,,,,,
E17,22,2,1,9,42,14,30,0,1,1,1,0,0
E17,22,3,1,0,46,10,21,13,1,1,0,,0
E17,22,4,0,,,,,,,,,,
E17,22,5,1,0,31,27,27,1,0,,,,
E17,23,1,1,6,26,13,16,6,0,,,,
E17,23,2,1,1,47,41,60,4,1,1,1,0,0
E17,23,3,0,,,,,,,,,,
E17,23,4,0,,,,,,,,,,
E17,23,5,0,,,,,,,,,,
E17,24,1,0,,,,,,,,,,
E17,24,2,1,5,32,18,37,0,0,,,,
E17,24,3,0,,,,,,,,,,
E17,24,4,0,,,,,,,,,,
E17,24,5,0,,,,,,,,,,
E17,25,1,0,,,,,,,,,,
E17,25,2,0,,,,,,,,,,
E17,25,3,1,10,59,31,37,0,0,,,,
E17,25,4,1,12,29,36,55,27,1,2,1,0,0
E17,25,5,0,,,,,,,,,,
E17,26,1,0,,,,,,,,,,
E17,26,2,1,1,18,11,36,1,0,,,,
E17,26,3,0,,,,,,,,,,
E17,26,4,1,3,12,15,8,29,0,,,,
E17,26,5,1,0,23,8,41,5,0,,,,
E17,27,1,1,2,28,26,42,1,0,,,,
E17,27,2,0,,,,,,,,,,
E17,27,3,0,,,,,,,,,,
E17,27,4,0,,,,,,,,,,
E17,27,5,1,10,23,32,14,0,0,,,,
E17,28,1,0,,,,,,,,,,
E17,28,2,0,,,,,,,,,,
E17,28,3,1,27,31,58,25,0,0,,,,
E17,28,4,1,24,38,39,38,0,0,,,,
E17,28,5,0,,,,,,,,,,
E17,29,1,1,6,17,11,22,0,0,,,,
E17,29,2,0,,,,,,,,,,
E17,29,3,0,,,,,,,,,,
E17,29,4,0,,,,,,,,,,
E17,29,5,0,,,,,,,,,,
E17,30,1,0,,,,,,,,,,
E17,30,2,0,,,,,,,,,,
E17,30,3,1,10,41,55,30,19,0,,,,
E17,30,4,0,,,,,,,,,,
E17,30,5,0,,,,,,,,,,
E17,31,1,0,,,,,,,,,,
E17,31,2,1,0,18,18,30,1,0,,,,
E17,31,3,0,,,,,,,,,,
E17,31,4,0,,,,,,,,,,
E17,31,5,1,7,48,39,68,2,0,,,,
E17,32,1,0,,,,,,,,,,
E17,32,2,1,0,22,31,30,0,1,2,1,0,0
E17,32,3,1,0,25,28,57,5,0,,,,
E17,32,4,0,,,,,,,,,,
E17,32,5,1,7,42,9,23,0,0,,,,
E17,33,1,0,,,,,,,,,,
E17,33,2,0,,,,,,,,,,
E17,33,3,1,5,44,27,36,3,1,1,1,0,0
E17,33,4,1,7,46,35,22,3,0,,,,
E17,33,5,1,1,59,60,25,7,0,,,,
E17,34,1,1,0,65,58,58,1,1,2,2,1,0
E17,34,2,1,0,46,44,26,4,0,,,,
E17,34,3,0,,,,,,,,,,
E17,34,4,0,,,,,,,,,,
E17,34,5,0,,,,,,,,,,
E17,35,1,0,,,,,,,,,,
E17,35,2,0,,,,,,,,,,
E17,35,3,1,0,35,62,35,0,1,1,1,0,0
E17,35,4,0,,,,,,,,,,
E17,35,5,1,4,46,33,41,2,0,,,,
E17,36,1,0,,,,,,,,,,
E17,36,2,0,,,,,,,,,,
E17,36,3,0,,,,,,,,,,
E17,36,4,1,14,30,36,28,2,0,,,,
E17,36,5,0,,,,,,,,,,
E17,37,1,1,0,31,16,21,15,0,,,,
E17,37,2,0,,,,,,,,,,
E17,37,3,0,,,,,,,,,,
E17,37,4,0,,,,,,,,,,
E17,37,5,1,2,25,34,33,0,0,,,,
E17,38,1,0,,,,,,,,,,
E17,38,2,0,,,,,,,,,,
E17,38,3,0,,,,,,,,,,
E17,38,4,0,,,,,,,,,,
E17,38,5,0,,,,,,,,,,
E17,39,1,0,,,,,,,,,,
E17,39,2,0,,,,,,,,,,
E17,39,3,0,,,,,,,,,,
E17,39,4,1,11,31,29,31,4,0,,,,
E17,39,5,0,,,,,,,,,,
E17,40,1,0,,,,,,,,,,
E17,40,2,0,,,,,,,,,,
E17,40,3,1,0,30,14,17,1,0,,,,
E17,40,4,0,,,,,,,,,,
E17,40,5,0,,,,,,,,,,
E17,41,1,0,,,,,,,,,,
E17,41,2,0,,,,,,,,,,
E17,41,3,1,9,20,27,26,4,0,,,,
E17,41,4,1,16,30,45,30,2,0,,,,
E17,41,5,0,,,,,,,,,,
E17,42,1,0,,,,,,,,,,
E17,42,2,0,,,,,,,,,,
E17,42,3,1,10,29,18,46,1,0,,,,
E17,42,4,1,18,40,23,29,0,0,,,,
E17,42,5,0,,,,,,,,,,
E18,1,1,1,0,10,15,10,30,0,,,,
E18,1,2,1,0,4,10,3,5,0,,,,
E18,1,3,1,0,12,2,30,70,0,,,,
E18,1,4,1,15,10,16,12,12,1,1,0,,0
E18,1,5,1,60,57,57,29,41,1,1,0,,0
E18,2,1,1,5,16,34,12,14,1,0,,,0
E18,2,2,1,11,19,9,15,12,1,2,0,,0
E18,2,3,1,38,21,55,20,40,1,2,0,,1
E18,2,4,0,,,,,,,,,,
E18,2,5,1,6,26,18,21,22,1,2,1,1,0
E18,3,1,1,10,37,42,23,57,1,2,1,1,0
E18,3,2,1,0,6,8,8,8,0,,,,
E18,3,3,1,23,20,55,8,50,0,,,,
E18,3,4,1,61,50,69,5,50,1,2,1,1,0
E18,3,5,1,42,19,64,0,10,1,2,1,0,1
E18,4,1,1,4,7,9,15,7,0,,,,
E18,4,2,1,4,7,35,12,21,1,2,1,0,1
E18,4,3,1,7,29,63,6,24,1,4,0,,1
E18,4,4,1,5,18,32,2,5,0,,,,
E18,4,5,1,3,9,21,0,7,1,1,0,,0
E18,5,1,0,,,,,,,,,,
E18,5,2,1,55,75,61,67,54,1,4,1,1,1
E18,5,3,1,16,52,45,35,37,0,,,,
E18,5,4,1,8,6,37,0,7,0,,,,
E18,5,5,1,5,36,47,6,5,1,4,1,1,1
E18,6,1,1,11,13,26,4,32,0,,,,
E18,6,2,1,0,1,31,3,5,0,,,,
E18,6,3,1,8,27,68,11,21,1,1,0,,0
E18,6,4,1,4,6,9,0,5,0,,,,
E18,6,5,1,1,0,5,0,3,0,,,,
E18,7,1,1,8,27,42,0,0,0,,,,
E18,7,2,1,0,12,12,0,5,0,,,,
E18,7,3,1,0,12,11,0,2,0,,,,
E18,7,4,0,,,,,,,,,,
E18,7,5,0,,,,,,,,,,
E18,8,1,0,,,,,,,,,,
E18,8,2,0,,,,,,,,,,
E18,8,3,1,2,30,9,3,9,0,,,,
E18,8,4,1,2,7,13,4,4,0,,,,
E18,8,5,1,0,7,10,15,5,0,,,,
E18,9,1,1,0,30,20,5,9,0,,,,
E18,9,2,0,,,,,,,,,,
E18,9,3,1,10,25,20,5,20,0,,,,
E18,9,4,1,6,7,20,9,13,0,,,,
E18,9,5,1,8,24,30,6,15,0,,,,
E18,10,1,1,6,5,10,15,9,0,,,,
E18,10,2,1,4,11,38,8,19,0,,,,
E18,10,3,1,4,11,32,8,8,0,,,,
E18,10,4,1,8,7,39,5,8,1,1,0,,0
E18,10,5,1,9,11,30,6,13,0,,,,
E18,11,1,1,7,14,34,21,60,1,2,0,,0
E18,11,2,0,,,,,,,,,,
E18,11,3,1,7,39,35,2,14,0,,,,
E18,11,4,1,3,9,73,6,10,0,,,,
E18,11,5,1,0,21,14,6,19,1,1,0,,0
E18,12,1,1,3,8,20,7,7,0,,,,
E18,12,2,1,6,10,12,0,4,0,,,,
E18,12,3,1,3,10,18,6,10,0,,,,
E18,12,4,1,4,13,44,0,2,1,1,0,,0
E18,12,5,1,3,13,31,6,7,0,,,,
E18,13,1,0,,,,,,,,,,
E18,13,2,1,7,12,41,23,14,0,,,,
E18,13,3,1,2,58,71,8,11,0,,,,
E18,13,4,1,3,39,62,7,14,0,,,,
E18,13,5,1,7,30,45,10,12,0,,,,
E18,14,1,1,4,19,34,7,13,0,,,,
E18,14,2,1,4,25,33,4,11,0,,,,
E18,14,3,0,,,,,,,,,,
E18,14,4,1,5,12,46,1,5,0,,,,
E18,14,5,1,7,3,10,6,6,0,,,,
E18,15,1,0,,,,,,,,,,
E18,15,2,1,4,7,35,4,8,0,,,,
E18,15,3,1,5,33,82,15,17,1,0,,,0
E18,15,4,1,6,5,23,4,3,1,0,,,0
E18,15,5,1,3,52,59,10,6,1,0,,,0
E18,16,1,1,6,24,66,5,5,1,0,,,0
E18,16,2,1,5,23,29,4,6,1,0,,,0
E18,16,3,1,5,13,16,5,7,1,1,0,,0
E18,16,4,1,7,5,15,3,4,0,,,,
E18,16,5,1,2,8,41,6,8,0,,,,
E18,17,1,1,4,17,26,19,11,0,,,,
E18,17,2,0,,,,,,,,,,
E18,17,3,0,,,,,,,,,,
E18,17,4,1,21,16,58,21,18,0,,,,
E18,17,5,1,0,6,8,2,4,0,,,,
E18,18,1,1,7,20,33,5,8,0,,,,
E18,18,2,1,5,11,18,14,7,0,,,,
E18,18,3,1,0,4,8,1,5,0,,,,
E18,18,4,1,5,5,71,3,2,0,,,,
E18,18,5,1,5,15,17,4,2,0,,,,
E18,19,1,1,7,7,24,45,2,0,,,,
E18,19,2,1,0,20,24,25,2,1,1,0,,0
E18,19,3,1,8,17,33,3,7,0,,,,
E18,19,4,0,,,,,,,,,,
E18,19,5,1,1,34,30,10,12,1,1,0,,0
E18,20,1,1,6,7,7,6,7,1,0,,,0
E18,20,2,1,2,6,30,6,0,0,,,,
E18,20,3,1,2,0,12,4,0,0,,,,
E18,20,4,0,,,,,,,,,,
E18,20,5,1,6,9,22,2,6,0,,,,
E18,21,1,1,6,11,25,4,9,0,,,,
E18,21,2,1,3,14,12,9,7,0,,,,
E18,21,3,1,5,6,19,5,6,0,,,,
E18,21,4,1,2,15,17,4,6,0,,,,
E18,21,5,1,5,1,4,1,4,0,,,,
E18,22,1,1,5,13,19,5,4,0,,,,
E18,22,2,1,2,3,14,3,2,0,,,,
E18,22,3,1,3,8,18,2,2,0,,,,
E18,22,4,1,0,11,9,2,4,1,0,,,0
E18,22,5,1,11,9,26,2,5,0,,,,
E18,23,1,0,,,,,,,,,,
E18,23,2,1,8,8,15,7,6,0,,,,
E18,23,3,0,,,,,,,,,,
E18,23,4,0,,,,,,,,,,
E18,23,5,1,1,9,22,9,6,0,,,,
E18,24,1,1,5,6,13,4,3,0,,,,
E18,24,2,0,,,,,,,,,,
E18,24,3,1,4,9,21,2,4,0,,,,
E18,24,4,1,0,7,29,3,0,0,,,,
E18,24,5,1,0,19,24,0,8,0,,,,
E18,25,1,1,5,27,41,4,15,1,1,0,,0
E18,25,2,1,2,64,86,9,25,0,,,,
E18,25,3,1,1,6,14,5,6,0,,,,
E18,25,4,1,4,17,9,7,14,0,,,,
E18,25,5,1,18,14,25,5,6,0,,,,
E18,26,1,1,5,8,16,3,4,0,,,,
E18,26,2,1,9,14,25,3,2,0,,,,
E18,26,3,1,0,10,11,0,0,0,,,,
E18,26,4,1,3,14,34,10,5,0,,,,
E18,26,5,1,5,20,22,6,2,0,,,,
E18,27,1,1,2,23,6,3,2,1,0,,,0
E18,27,2,1,9,1,4,1,4,0,,,,
E18,27,3,1,8,0,18,8,3,0,,,,
E18,27,4,1,6,8,9,21,0,0,,,,
E18,27,5,1,0,10,20,1,8,0,,,,
E18,28,1,0,,,,,,,,,,
E18,28,2,1,0,10,24,13,5,0,,,,
E18,28,3,0,,,,,,,,,,
E18,28,4,1,10,18,23,24,5,0,,,,
E18,28,5,1,2,28,25,4,5,1,1,0,,0
E18,29,1,0,,,,,,,,,,
E18,29,2,1,3,12,26,6,6,1,0,,,0
E18,29,3,1,5,21,24,8,6,0,,,,
E18,29,4,1,2,13,32,7,8,0,,,,
E18,29,5,1,1,14,22,9,1,1,1,2,0,0
E18,30,1,1,0,9,10,1,15,0,,,,
E18,30,2,1,1,3,1,6,18,0,,,,
E18,30,3,1,6,21,19,11,21,0,,,,
E18,30,4,1,6,20,34,1,9,0,,,,
E18,30,5,0,,,,,,,,,,
E18,31,1,1,3,3,15,18,9,0,,,,
E18,31,2,1,17,34,41,24,11,0,,,,
E18,31,3,1,8,8,20,6,7,0,,,,
E18,31,4,1,3,9,17,4,8,0,,,,
E18,31,5,0,,,,,,,,,,
E18,32,1,0,,,,,,,,,,
E18,32,2,1,6,11,17,5,12,1,0,,,0
E18,32,3,1,6,15,20,9,13,1,0,,,0
E18,32,4,1,8,11,28,4,4,0,,,,
E18,32,5,1,7,14,31,12,8,0,,,,
E18,33,1,1,7,8,19,9,12,1,0,,,0
E18,33,2,1,6,15,31,24,7,1,1,0,,1
E18,33,3,1,7,17,19,5,5,0,,,,
E18,33,4,1,7,31,29,3,12,0,,,,
E18,33,5,1,6,16,26,4,11,1,1,0,,0
E18,34,1,1,9,10,29,11,8,1,1,1,0,0
E18,34,2,1,10,10,20,6,1,0,,,,
E18,34,3,0,,,,,,,,,,
E18,34,4,1,11,46,66,30,19,1,1,2,0,0
E18,34,5,1,21,6,32,10,7,1,0,,,0
E18,35,1,1,6,7,12,7,7,1,0,,,0
E18,35,2,1,5,12,29,6,8,0,,,,
E18,35,3,1,7,10,20,2,4,0,,,,
E18,35,4,1,1,10,9,5,7,0,,,,
E18,35,5,1,0,9,22,3,3,0,,,,
E18,36,1,1,6,4,11,9,5,0,,,,
E18,36,2,1,3,4,7,1,1,0,,,,
E18,36,3,0,,,,,,,,,,
E18,36,4,1,7,6,24,8,7,0,,,,
E18,36,5,0,,,,,,,,,,
E18,37,1,1,12,31,39,18,17,0,,,,
E18,37,2,1,8,15,16,4,2,0,,,,
E18,37,3,0,,,,,,,,,,
E18,37,4,0,,,,,,,,,,
E18,37,5,0,,,,,,,,,,
E18,38,1,1,3,8,38,9,4,0,,,,
E18,38,2,1,1,7,65,5,5,0,,,,
E18,38,3,1,9,8,14,5,0,0,,,,
E18,38,4,1,10,21,25,7,7,0,,,,
E18,38,5,1,7,7,20,4,3,0,,,,
E18,39,1,0,,,,,,,,,,
E18,39,2,1,9,14,29,7,1,0,,,,
E18,39,3,1,5,9,29,4,4,1,2,1,0,0
E18,39,4,1,8,12,13,5,2,0,,,,
E18,39,5,1,7,10,21,4,3,0,,,,
E18,40,1,0,,,,,,,,,,
E18,40,2,1,5,25,23,11,9,0,,,,
E18,40,3,1,7,10,23,0,4,0,,,,
E18,40,4,1,7,12,21,7,9,0,,,,
E18,40,5,1,9,16,19,21,7,0,,,,
E18,41,1,1,4,11,30,8,2,1,0,,,0
E18,41,2,0,,,,,,,,,,
E18,41,3,1,5,3,7,5,2,0,,,,
E18,41,4,1,4,8,19,0,0,0,,,,
E18,41,5,1,10,7,16,6,4,0,,,,
E18,42,1,0,,,,,,,,,,
E18,42,2,0,,,,,,,,,,
E18,42,3,1,6,27,47,7,23,1,2,2,0,0
E18,42,4,1,0,8,31,0,3,0,,,,
E18,42,5,1,22,40,72,33,27,1,2,2,1,0
E19,1,1,1,0,2,0,0,9,0,,,,
E19,1,2,1,2,1,5,0,1,0,,,,
E19,1,3,1,4,0,4,8,4,0,,,,
E19,1,4,1,3,3,5,8,5,0,,,,
E19,1,5,1,2,2,18,2,1,0,,,,
E19,2,1,1,17,5,27,17,5,0,,,,
E19,2,2,1,0,1,14,1,25,0,,,,
E19,2,3,1,2,1,0,2,0,0,,,,
E19,2,4,1,0,1,3,2,3,0,,,,
E19,2,5,1,1,1,4,3,8,0,,,,
E19,3,1,1,1,0,1,0,2,0,,,,
E19,3,2,1,0,0,1,1,2,0,,,,
E19,3,3,1,0,2,3,2,1,0,,,,
E19,3,4,1,1,1,2,1,15,0,,,,
E19,3,5,1,1,2,1,3,0,0,,,,
E19,4,1,1,3,2,0,1,1,0,,,,
E19,4,2,1,1,1,2,2,2,0,,,,
E19,4,3,1,3,1,0,2,4,0,,,,
E19,4,4,1,0,1,1,1,3,0,,,,
E19,4,5,1,2,3,2,3,3,0,,,,
E19,5,1,1,0,23,0,0,3,0,,,,
E19,5,2,1,4,2,3,1,2,0,,,,
E19,5,3,1,1,1,19,0,2,0,,,,
E19,5,4,1,0,1,1,1,1,0,,,,
E19,5,5,1,2,1,14,8,1,0,,,,
E19,6,1,1,50,0,73,1,1,0,,,,
E19,6,2,1,14,1,7,1,0,0,,,,
E19,6,3,1,0,0,3,1,1,0,,,,
E19,6,4,1,1,1,0,1,1,0,,,,
E19,6,5,1,0,21,63,5,50,0,,,,
E19,7,1,1,1,1,0,2,6,0,,,,
E19,7,2,1,1,0,0,0,0,0,,,,
E19,7,3,1,70,2,18,1,1,0,,,,
E19,7,4,1,31,0,1,0,1,0,,,,
E19,7,5,1,2,1,20,1,1,0,,,,
E19,8,1,1,3,2,3,2,2,0,,,,
E19,8,2,1,3,0,2,0,1,0,,,,
E19,8,3,1,3,3,1,2,2,0,,,,
E19,8,4,1,0,0,1,2,1,0,,,,
E19,8,5,1,2,3,2,3,0,0,,,,
E19,9,1,1,0,2,19,2,5,0,,,,
E19,9,2,1,0,1,3,1,3,0,,,,
E19,9,3,1,1,2,3,1,2,0,,,,
E19,9,4,1,3,0,0,0,2,0,,,,
E19,9,5,1,0,1,1,0,0,0,,,,
E19,10,1,1,1,0,0,2,0,0,,,,
E19,10,2,1,1,1,3,2,4,0,,,,
E19,10,3,1,2,0,1,1,1,0,,,,
E19,10,4,1,1,22,4,1,4,0,,,,
E19,10,5,1,0,50,18,0,23,0,,,,
E19,11,1,0,,,,,,,,,,
E19,11,2,1,3,0,3,1,1,0,,,,
E19,11,3,1,0,2,1,1,5,0,,,,
E19,11,4,1,1,1,0,1,2,0,,,,
E19,11,5,1,2,2,2,1,7,0,,,,
E19,12,1,1,1,77,75,50,91,1,0,,,0
E19,12,2,1,1,80,71,0,80,0,,,,
E19,12,3,1,2,25,27,1,68,0,,,,
E19,12,4,0,,,,,,,,,,
E19,12,5,1,1,22,26,2,80,0,,,,
E19,13,1,1,2,24,24,1,26,0,,,,
E19,13,2,1,0,8,9,3,18,0,,,,
E19,13,3,1,2,16,13,3,16,0,,,,
E19,13,4,0,,,,,,,,,,
E19,13,5,1,0,1,3,1,0,0,,,,
E19,14,1,1,1,0,0,0,1,0,,,,
E19,14,2,1,2,1,2,1,7,0,,,,
E19,14,3,1,0,0,1,2,2,0,,,,
E19,14,4,1,0,1,4,0,3,0,,,,
E19,14,5,1,2,2,4,3,6,0,,,,
E19,15,1,1,1,2,2,1,4,0,,,,
E19,15,2,1,0,1,3,1,6,0,,,,
E19,15,3,1,1,2,1,1,2,0,,,,
E19,15,4,1,1,2,3,3,2,0,,,,
E19,15,5,1,2,2,3,4,3,0,,,,
E19,16,1,1,2,0,0,1,2,0,,,,
E19,16,2,1,2,0,2,2,4,0,,,,
E19,16,3,1,1,2,2,4,3,0,,,,
E19,16,4,1,2,2,2,2,4,0,,,,
E19,16,5,1,1,2,0,2,3,0,,,,
E19,17,1,1,1,1,5,2,2,0,,,,
E19,17,2,1,0,0,1,0,2,0,,,,
E19,17,3,1,0,2,5,3,1,0,,,,
E19,17,4,1,2,3,1,1,2,0,,,,
E19,17,5,1,0,0,1,1,2,0,,,,
E19,18,1,1,1,0,1,0,1,0,,,,
E19,18,2,1,1,0,1,4,7,0,,,,
E19,18,3,1,0,2,0,1,2,0,,,,
E19,18,4,1,1,2,3,2,3,0,,,,
E19,18,5,1,1,1,1,1,2,0,,,,
E19,19,1,1,3,2,1,1,0,0,,,,
E19,19,2,1,0,0,0,1,2,0,,,,
E19,19,3,1,5,2,1,3,3,0,,,,
E19,19,4,1,1,1,3,3,3,0,,,,
E19,19,5,1,2,1,1,0,4,0,,,,
E19,20,1,1,2,3,0,4,1,0,,,,
E19,20,2,1,3,0,1,1,1,0,,,,
E19,20,3,1,0,1,0,0,2,0,,,,
E19,20,4,1,0,1,1,2,1,0,,,,
E19,20,5,1,6,0,2,3,7,0,,,,
E19,21,1,1,0,0,0,0,4,0,,,,
E19,21,2,1,1,1,2,1,3,0,,,,
E19,21,3,1,3,3,1,1,2,0,,,,
E19,21,4,1,2,4,3,3,5,0,,,,
E19,21,5,1,1,2,2,1,1,0,,,,
E19,22,1,1,2,1,3,5,4,0,,,,
E19,22,2,1,0,1,3,1,6,0,,,,
E19,22,3,1,2,1,1,0,3,0,,,,
E19,22,4,1,2,4,2,5,5,0,,,,
E19,22,5,1,1,2,1,2,3,0,,,,
E19,23,1,1,3,1,3,0,3,0,,,,
E19,23,2,1,1,1,0,3,3,0,,,,
E19,23,3,1,5,2,2,2,6,0,,,,
E19,23,4,1,2,3,3,3,2,0,,,,
E19,23,5,1,2,4,1,1,6,0,,,,
E19,24,1,1,2,2,1,4,1,0,,,,
E19,24,2,1,2,1,2,1,3,0,,,,
E19,24,3,1,3,5,2,2,9,0,,,,
E19,24,4,1,0,0,2,3,3,0,,,,
E19,24,5,1,1,0,1,3,6,0,,,,
E19,25,1,1,1,2,3,2,3,0,,,,
E19,25,2,1,6,3,1,2,3,0,,,,
E19,25,3,1,1,1,0,3,6,0,,,,
E19,25,4,1,1,3,4,4,4,0,,,,
E19,25,5,0,,,,,,,,,,
E19,26,1,1,1,3,1,1,5,0,,,,
E19,26,2,1,0,2,4,2,5,0,,,,
E19,26,3,1,2,0,5,1,2,0,,,,
E19,26,4,1,3,1,0,3,4,0,,,,
E19,26,5,1,1,0,2,4,3,0,,,,
E19,27,1,1,1,1,3,5,5,0,,,,
E19,27,2,1,0,0,2,2,1,0,,,,
E19,27,3,1,1,2,3,4,2,0,,,,
E19,27,4,1,2,2,22,5,33,0,,,,
E19,27,5,1,3,3,7,0,25,0,,,,
E19,28,1,1,3,1,2,3,7,0,,,,
E19,28,2,1,3,5,3,0,5,0,,,,
E19,28,3,1,3,0,0,1,4,0,,,,
E19,28,4,1,0,1,1,2,4,0,,,,
E19,28,5,1,6,1,5,2,7,0,,,,
E19,29,1,1,3,3,4,2,0,0,,,,
E19,29,2,1,17,2,1,0,1,0,,,,
E19,29,3,1,1,0,0,1,0,0,,,,
E19,29,4,1,1,4,3,0,2,0,,,,
E19,29,5,1,2,1,0,1,3,0,,,,
E19,30,1,1,1,1,2,3,4,0,,,,
E19,30,2,1,1,3,1,5,2,0,,,,
E19,30,3,1,4,1,6,2,4,0,,,,
E19,30,4,1,0,3,0,2,0,0,,,,
E19,30,5,1,2,1,2,3,5,0,,,,
E19,31,1,1,1,1,1,2,5,0,,,,
E19,31,2,1,1,0,1,1,0,0,,,,
E19,31,3,1,1,1,1,7,5,0,,,,
E19,31,4,1,4,3,3,0,2,0,,,,
E19,31,5,1,2,1,2,1,4,0,,,,
E19,32,1,1,1,0,2,1,1,0,,,,
E19,32,2,1,2,3,1,4,18,0,,,,
E19,32,3,1,0,2,1,1,3,0,,,,
E19,32,4,1,3,1,1,1,6,0,,,,
E19,32,5,1,5,5,3,5,4,0,,,,
E19,33,1,1,1,2,3,2,1,0,,,,
E19,33,2,1,0,1,1,2,4,0,,,,
E19,33,3,1,2,3,0,2,2,0,,,,
E19,33,4,1,1,1,2,2,4,0,,,,
E19,33,5,1,3,2,1,2,4,0,,,,
E19,34,1,1,0,0,1,1,2,0,,,,
E19,34,2,1,23,3,21,2,2,0,,,,
E19,34,3,1,21,2,0,1,39,0,,,,
E19,34,4,1,5,1,21,1,3,0,,,,
E19,34,5,1,0,0,1,1,4,0,,,,
E19,35,1,1,3,3,46,1,2,0,,,,
E19,35,2,1,2,1,31,4,0,0,,,,
E19,35,3,1,2,0,4,6,0,0,,,,
E19,35,4,1,0,1,3,0,3,0,,,,
E19,35,5,1,1,1,15,3,0,0,,,,
E19,36,1,1,3,2,2,13,6,0,,,,
E19,36,2,1,1,2,1,3,2,0,,,,
E19,36,3,1,2,0,31,3,5,0,,,,
E19,36,4,1,3,7,2,1,7,0,,,,
E19,36,5,1,21,1,21,2,2,0,,,,
E19,37,1,1,19,1,28,1,0,0,,,,
E19,37,2,1,70,88,99,6,3,0,,,,
E19,37,3,1,1,31,23,1,4,0,,,,
E19,37,4,1,1,2,20,3,5,0,,,,
E19,37,5,1,5,1,1,2,4,0,,,,
E19,38,1,1,5,1,5,1,22,0,,,,
E19,38,2,1,3,1,2,4,4,0,,,,
E19,38,3,1,0,1,2,5,3,0,,,,
E19,38,4,0,,,,,,,,,,
E19,38,5,1,3,1,1,0,2,0,,,,
E19,39,1,0,,,,,,,,,,
E19,39,2,1,2,0,3,3,2,0,,,,
E19,39,3,1,2,4,0,5,2,0,,,,
E19,39,4,1,1,1,0,4,3,0,,,,
E19,39,5,1,4,2,34,2,7,0,,,,
E19,40,1,1,0,1,1,2,0,0,,,,
E19,40,2,1,3,5,6,3,1,0,,,,
E19,40,3,1,1,2,0,2,5,0,,,,
E19,40,4,1,1,2,3,2,3,0,,,,
E19,40,5,1,3,5,1,3,6,0,,,,
E19,41,1,1,2,2,1,0,1,0,,,,
E19,41,2,1,5,1,2,1,6,0,,,,
E19,41,3,1,0,0,1,45,1,0,,,,
E19,41,4,1,85,50,89,4,6,0,,,,
E19,41,5,1,66,6,50,1,3,0,,,,
E19,42,1,1,22,0,3,2,8,0,,,,
E19,42,2,1,3,4,4,10,5,0,,,,
E19,42,3,1,7,7,3,7,6,0,,,,
E19,42,4,1,4,4,3,1,2,0,,,,
E19,42,5,1,0,0,1,0,2,0,,,,
E20,1,1,1,0,66,29,22,62,0,,,,
E20,1,2,1,0,63,38,3,5,0,,,,
E20,1,3,1,0,42,8,0,25,0,,,,
E20,1,4,0,,,,,,,,,,
E20,1,5,1,9,60,22,6,9,1,0,,,0
E20,2,1,1,1,2,1,2,2,0,,,,
E20,2,2,1,2,13,1,0,3,0,,,,
E20,2,3,1,24,10,7,7,9,0,,,,
E20,2,4,1,9,31,83,8,37,1,0,,,0
E20,2,5,1,0,58,12,2,65,0,,,,
E20,3,1,0,,,,,,,,,,
E20,3,2,1,10,25,70,0,12,0,,,,
E20,3,3,1,16,60,26,39,14,0,,,,
E20,3,4,1,12,63,15,2,4,0,,,,
E20,3,5,1,75,50,81,14,64,0,,,,
E20,4,1,1,2,59,3,4,2,0,,,,
E20,4,2,1,5,1,3,2,2,0,,,,
E20,4,3,0,,,,,,,,,,
E20,4,4,1,8,11,12,10,14,0,,,,
E20,4,5,1,2,0,0,2,2,0,,,,
E20,5,1,0,,,,,,,,,,
E20,5,2,1,0,5,67,3,4,0,,,,
E20,5,3,1,12,16,60,10,7,0,,,,
E20,5,4,1,3,62,68,86,58,0,,,,
E20,5,5,1,2,1,7,6,4,0,,,,
E20,6,1,1,6,58,57,40,5,1,0,,,0
E20,6,2,1,13,70,77,14,22,1,0,,,0
E20,6,3,1,8,63,71,5,62,1,0,,,0
E20,6,4,1,7,79,99,22,64,1,1,2,1,0
E20,6,5,1,3,74,94,4,64,1,1,1,1,0
E20,7,1,0,,,,,,,,,,
E20,7,2,1,7,8,6,6,6,0,,,,
E20,7,3,1,6,7,58,3,6,0,,,,
E20,7,4,1,6,8,65,7,1,0,,,,
E20,7,5,0,,,,,,,,,,
E20,8,1,1,71,19,72,9,10,1,1,2,0,0
E20,8,2,1,9,63,76,10,63,1,1,0,,0
E20,8,3,1,2,6,9,73,22,0,,,,
E20,8,4,1,16,14,63,27,20,0,,,,
E20,8,5,1,22,21,24,1,54,0,,,,
E20,9,1,1,2,1,2,1,40,0,,,,
E20,9,2,0,,,,,,,,,,
E20,9,3,1,12,65,63,66,66,0,,,,
E20,9,4,0,,,,,,,,,,
E20,9,5,1,14,13,11,9,10,0,,,,
E20,10,1,0,,,,,,,,,,
E20,10,2,1,7,6,7,5,6,0,,,,
E20,10,3,1,17,13,30,4,16,0,,,,
E20,10,4,0,,,,,,,,,,
E20,10,5,1,9,12,6,9,7,0,,,,
E20,11,1,0,,,,,,,,,,
E20,11,2,1,7,8,5,1,6,1,2,1,0,0
E20,11,3,1,8,57,20,16,13,1,2,1,1,0
E20,11,4,1,15,19,14,10,11,0,,,,
E20,11,5,1,13,15,11,11,12,1,2,1,0,0
E20,12,1,0,,,,,,,,,,
E20,12,2,0,,,,,,,,,,
E20,12,3,1,13,66,89,22,74,1,2,1,0,0
E20,12,4,1,8,80,87,29,10,1,2,2,0,0
E20,12,5,1,29,68,67,14,67,1,1,1,0,0
E20,13,1,0,,,,,,,,,,
E20,13,2,0,,,,,,,,,,
E20,13,3,1,12,14,16,13,15,1,2,1,0,0
E20,13,4,1,20,15,19,14,69,1,1,0,,0
E20,13,5,0,,,,,,,,,,
E20,14,1,0,,,,,,,,,,
E20,14,2,0,,,,,,,,,,
E20,14,3,1,8,8,6,6,9,1,2,2,1,
E20,14,4,1,13,13,14,12,10,0,,,,
E20,14,5,1,10,13,63,13,65,0,,,,
E20,15,1,0,,,,,,,,,,
E20,15,2,1,16,19,65,3,12,0,,,,
E20,15,3,0,,,,,,,,,,
E20,15,4,1,6,7,6,7,7,0,,,,
E20,15,5,0,,,,,,,,,,
E20,16,1,0,,,,,,,,,,
E20,16,2,0,,,,,,,,,,
E20,16,3,1,12,70,77,10,23,0,,,,
E20,16,4,0,,,,,,,,,,
E20,16,5,0,,,,,,,,,,
E20,17,1,0,,,,,,,,,,
E20,17,2,1,9,7,64,9,10,0,,,,
E20,17,3,0,,,,,,,,,,
E20,17,4,0,,,,,,,,,,
E20,17,5,1,11,11,16,12,13,0,,,,
E20,18,1,0,,,,,,,,,,
E20,18,2,0,,,,,,,,,,
E20,18,3,1,76,7,28,14,67,0,,,,
E20,18,4,0,,,,,,,,,,
E20,18,5,0,,,,,,,,,,
E20,19,1,0,,,,,,,,,,
E20,19,2,0,,,,,,,,,,
E20,19,3,0,,,,,,,,,,
E20,19,4,0,,,,,,,,,,
E20,19,5,0,,,,,,,,,,
E20,20,1,1,10,7,11,10,84,0,,,,
E20,20,2,1,61,12,12,45,13,0,,,,
E20,20,3,1,15,16,80,83,10,1,2,0,,0
E20,20,4,0,,,,,,,,,,
E20,20,5,1,6,13,12,10,7,0,,,,
E20,21,1,1,10,11,62,64,8,0,,,,
E20,21,2,0,,,,,,,,,,
E20,21,3,0,,,,,,,,,,
E20,21,4,0,,,,,,,,,,
E20,21,5,0,,,,,,,,,,
E20,22,1,0,,,,,,,,,,
E20,22,2,0,,,,,,,,,,
E20,22,3,0,,,,,,,,,,
E20,22,4,0,,,,,,,,,,
E20,22,5,0,,,,,,,,,,
E20,23,1,1,5,7,4,2,7,0,,,,
E20,23,2,0,,,,,,,,,,
E20,23,3,1,7,3,2,0,5,0,,,,
E20,23,4,0,,,,,,,,,,
E20,23,5,0,,,,,,,,,,
E20,24,1,1,10,82,8,72,6,0,,,,
E20,24,2,0,,,,,,,,,,
E20,24,3,0,,,,,,,,,,
E20,24,4,0,,,,,,,,,,
E20,24,5,0,,,,,,,,,,
E20,25,1,0,,,,,,,,,,
E20,25,2,0,,,,,,,,,,
E20,25,3,0,,,,,,,,,,
E20,25,4,0,,,,,,,,,,
E20,25,5,1,5,9,77,5,77,1,2,1,0,0
E20,26,1,1,7,73,74,4,72,0,,,,
E20,26,2,1,3,6,4,73,77,0,,,,
E20,26,3,0,,,,,,,,,,
E20,26,4,0,,,,,,,,,,
E20,26,5,0,,,,,,,,,,
E20,27,1,0,,,,,,,,,,
E20,27,2,0,,,,,,,,,,
E20,27,3,0,,,,,,,,,,
E20,27,4,0,,,,,,,,,,
E20,27,5,0,,,,,,,,,,
E20,28,1,0,,,,,,,,,,
E20,28,2,0,,,,,,,,,,
E20,28,3,0,,,,,,,,,,
E20,28,4,0,,,,,,,,,,
E20,28,5,0,,,,,,,,,,
E20,29,1,0,,,,,,,,,,
E20,29,2,0,,,,,,,,,,
E20,29,3,0,,,,,,,,,,
E20,29,4,0,,,,,,,,,,
E20,29,5,0,,,,,,,,,,
E20,30,1,0,,,,,,,,,,
E20,30,2,1,5,2,37,5,4,1,0,,,0
E20,30,3,0,,,,,,,,,,
E20,30,4,0,,,,,,,,,,
E20,30,5,0,,,,,,,,,,
E20,31,1,1,3,74,7,7,83,0,,,,
E20,31,2,0,,,,,,,,,,
E20,31,3,0,,,,,,,,,,
E20,31,4,0,,,,,,,,,,
E20,31,5,0,,,,,,,,,,
E20,32,1,0,,,,,,,,,,
E20,32,2,0,,,,,,,,,,
E20,32,3,0,,,,,,,,,,
E20,32,4,0,,,,,,,,,,
E20,32,5,0,,,,,,,,,,
E20,33,1,0,,,,,,,,,,
E20,33,2,0,,,,,,,,,,
E20,33,3,0,,,,,,,,,,
E20,33,4,0,,,,,,,,,,
E20,33,5,0,,,,,,,,,,
E20,34,1,0,,,,,,,,,,
E20,34,2,0,,,,,,,,,,
E20,34,3,0,,,,,,,,,,
E20,34,4,0,,,,,,,,,,
E20,34,5,0,,,,,,,,,,
E20,35,1,0,,,,,,,,,,
E20,35,2,0,,,,,,,,,,
E20,35,3,0,,,,,,,,,,
E20,35,4,0,,,,,,,,,,
E20,35,5,0,,,,,,,,,,
E20,36,1,0,,,,,,,,,,
E20,36,2,0,,,,,,,,,,
E20,36,3,0,,,,,,,,,,
E20,36,4,0,,,,,,,,,,
E20,36,5,0,,,,,,,,,,
E20,37,1,0,,,,,,,,,,
E20,37,2,0,,,,,,,,,,
E20,37,3,0,,,,,,,,,,
E20,37,4,0,,,,,,,,,,
E20,37,5,0,,,,,,,,,,
E20,38,1,0,,,,,,,,,,
E20,38,2,0,,,,,,,,,,
E20,38,3,0,,,,,,,,,,
E20,38,4,0,,,,,,,,,,
E20,38,5,0,,,,,,,,,,
E20,39,1,0,,,,,,,,,,
E20,39,2,0,,,,,,,,,,
E20,39,3,0,,,,,,,,,,
E20,39,4,0,,,,,,,,,,
E20,39,5,0,,,,,,,,,,
E20,40,1,0,,,,,,,,,,
E20,40,2,0,,,,,,,,,,
E20,40,3,0,,,,,,,,,,
E20,40,4,0,,,,,,,,,,
E20,40,5,0,,,,,,,,,,
E20,41,1,0,,,,,,,,,,
E20,41,2,0,,,,,,,,,,
E20,41,3,0,,,,,,,,,,
E20,41,4,0,,,,,,,,,,
E20,41,5,0,,,,,,,,,,
E20,42,1,0,,,,,,,,,,
E20,42,2,0,,,,,,,,,,
E20,42,3,0,,,,,,,,,,
E20,42,4,0,,,,,,,,,,
E20,42,5,0,,,,,,,,,,
E21,1,1,1,62,54,75,56,42,0,,,,
E21,1,2,1,31,21,50,58,37,0,,,,
E21,1,3,1,35,35,28,23,25,0,,,,
E21,1,4,1,57,38,45,40,34,0,,,,
E21,1,5,1,69,39,68,33,62,0,,,,
E21,2,1,1,35,56,39,54,56,0,,,,
E21,2,2,1,43,53,54,53,40,0,,,,
E21,2,3,1,50,46,38,37,41,0,,,,
E21,2,4,1,55,60,63,57,69,0,,,,
E21,2,5,0,,,,,,,,,,
E21,3,1,1,61,58,61,58,63,0,,,,
E21,3,2,1,41,43,41,59,55,0,,,,
E21,3,3,1,59,40,73,65,39,0,,,,
E21,3,4,1,44,45,42,45,42,0,,,,
E21,3,5,1,39,42,43,52,44,0,,,,
E21,4,1,1,47,54,65,62,56,0,,,,
E21,4,2,1,59,57,72,70,58,0,,,,
E21,4,3,1,45,47,55,59,48,0,,,,
E21,4,4,1,44,41,44,49,47,0,,,,
E21,4,5,1,43,45,46,47,47,0,,,,
E21,5,1,1,47,45,62,56,44,0,,,,
E21,5,2,1,37,44,64,57,42,0,,,,
E21,5,3,1,54,53,58,55,48,0,,,,
E21,5,4,1,47,22,38,42,37,0,,,,
E21,5,5,1,55,30,60,57,41,0,,,,
E21,6,1,1,66,47,61,59,43,0,,,,
E21,6,2,1,55,48,61,58,57,0,,,,
E21,6,3,0,,,,,,,,,,
E21,6,4,1,45,47,61,64,45,0,,,,
E21,6,5,1,57,65,68,88,85,0,,,,
E21,7,1,1,37,82,83,85,87,0,,,,
E21,7,2,1,62,70,79,81,81,0,,,,
E21,7,3,1,67,69,71,70,74,0,,,,
E21,7,4,1,58,65,61,64,62,0,,,,
E21,7,5,0,,,,,,,,,,
E21,8,1,1,55,59,70,68,69,0,,,,
E21,8,2,1,41,55,56,57,56,0,,,,
E21,8,3,1,42,57,42,58,42,0,,,,
E21,8,4,1,59,54,68,52,54,0,,,,
E21,8,5,1,70,41,64,55,54,0,,,,
E21,9,1,1,54,45,62,61,54,0,,,,
E21,9,2,1,59,36,44,56,54,0,,,,
E21,9,3,1,52,54,68,56,54,0,,,,
E21,9,4,1,45,43,61,56,58,0,,,,
E21,9,5,1,66,44,74,62,52,0,,,,
E21,10,1,1,65,52,69,54,54,0,,,,
E21,10,2,1,58,42,42,53,44,0,,,,
E21,10,3,1,63,43,67,59,54,0,,,,
E21,10,4,0,,,,,,,,,,
E21,10,5,1,77,44,71,53,44,0,,,,
E21,11,1,1,56,43,58,58,56,0,,,,
E21,11,2,1,69,55,88,57,40,0,,,,
E21,11,3,1,62,40,88,43,42,0,,,,
E21,11,4,1,70,41,82,60,37,0,,,,
E21,11,5,1,75,42,75,44,47,0,,,,
E21,12,1,0,,,,,,,,,,
E21,12,2,1,60,44,64,56,41,0,,,,
E21,12,3,1,61,42,61,46,47,0,,,,
E21,12,4,1,56,41,60,42,44,0,,,,
E21,12,5,0,,,,,,,,,,
E21,13,1,0,,,,,,,,,,
E21,13,2,1,60,43,73,74,43,0,,,,
E21,13,3,1,65,43,70,79,63,0,,,,
E21,13,4,1,58,45,70,61,45,0,,,,
E21,13,5,1,56,43,60,57,56,0,,,,
E21,14,1,1,59,45,73,63,46,0,,,,
E21,14,2,1,44,44,58,45,45,0,,,,
E21,14,3,1,56,46,75,42,42,0,,,,
E21,14,4,0,,,,,,,,,,
E21,14,5,0,,,,,,,,,,
E21,15,1,1,43,54,59,60,46,0,,,,
E21,15,2,1,57,54,79,78,60,0,,,,
E21,15,3,1,44,45,56,56,47,0,,,,
E21,15,4,0,,,,,,,,,,
E21,15,5,1,56,44,55,54,44,0,,,,
E21,16,1,0,,,,,,,,,,
E21,16,2,1,61,56,73,62,54,0,,,,
E21,16,3,0,,,,,,,,,,
E21,16,4,1,61,56,74,65,58,1,0,,,0
E21,16,5,1,55,45,72,78,44,0,,,,
E21,17,1,1,43,56,89,65,55,1,0,,,0
E21,17,2,1,42,57,91,66,60,1,1,1,1,0
E21,17,3,1,47,54,69,63,44,0,,,,
E21,17,4,1,43,43,43,42,43,0,,,,
E21,17,5,1,39,42,38,40,41,0,,,,
E21,18,1,1,38,40,69,70,40,0,,,,
E21,18,2,1,42,45,60,59,42,0,,,,
E21,18,3,1,43,62,43,41,44,0,,,,
E21,18,4,1,43,60,59,65,42,0,,,,
E21,18,5,1,41,45,59,67,55,0,,,,
E21,19,1,1,42,41,56,68,44,0,,,,
E21,19,2,1,44,43,57,69,43,0,,,,
E21,19,3,1,44,43,58,69,42,0,,,,
E21,19,4,1,84,41,86,78,38,1,2,2,1,0
E21,19,5,1,91,40,88,66,45,1,2,2,1,0
E21,20,1,1,61,37,88,76,40,1,1,1,1,0
E21,20,2,0,,,,,,,,,,
E21,20,3,1,67,41,80,82,40,1,2,1,0,0
E21,20,4,1,78,42,87,41,42,1,2,2,2,0
E21,20,5,1,61,40,79,77,40,1,2,2,1,0
E21,21,1,1,65,62,74,82,62,1,2,2,1,0
E21,21,2,1,64,61,72,72,47,0,,,,
E21,21,3,1,66,43,77,56,42,0,,,,
E21,21,4,0,,,,,,,,,,
E21,21,5,0,,,,,,,,,,
E21,22,1,1,40,71,74,94,72,1,2,2,1,0
E21,22,2,1,77,41,85,93,39,1,1,1,1,0
E21,22,3,0,,,,,,,,,,
E21,22,4,1,60,60,95,99,37,1,3,2,1,0
E21,22,5,0,,,,,,,,,,
E21,23,1,0,,,,,,,,,,
E21,23,2,0,,,,,,,,,,
E21,23,3,1,26,57,98,95,49,1,2,2,2,0
E21,23,4,1,35,65,81,83,63,1,2,2,2,0
E21,23,5,0,,,,,,,,,,
E21,24,1,1,60,39,77,80,59,0,,,,
E21,24,2,1,33,58,94,87,58,0,,,,
E21,24,3,1,37,58,82,83,58,0,,,,
E21,24,4,1,38,40,63,66,55,0,,,,
E21,24,5,1,24,21,80,79,60,0,,,,
E21,25,1,0,,,,,,,,,,
E21,25,2,1,40,39,68,67,41,0,,,,
E21,25,3,1,45,25,75,74,43,0,,,,
E21,25,4,1,45,42,70,68,41,0,,,,
E21,25,5,1,64,39,63,75,42,0,,,,
E21,26,1,1,45,37,62,75,42,0,,,,
E21,26,2,1,33,33,74,74,34,0,,,,
E21,26,3,1,38,35,75,73,38,0,,,,
E21,26,4,1,68,39,72,81,35,1,1,1,0,0
E21,26,5,1,79,36,75,75,38,0,,,,
E21,27,1,1,77,40,83,83,39,0,,,,
E21,27,2,1,77,58,83,84,39,0,,,,
E21,27,3,1,50,56,74,72,47,0,,,,
E21,27,4,1,60,40,70,46,41,0,,,,
E21,27,5,0,,,,,,,,,,
E21,28,1,0,,,,,,,,,,
E21,28,2,0,,,,,,,,,,
E21,28,3,1,78,36,76,79,31,0,,,,
E21,28,4,1,39,38,64,60,56,0,,,,
E21,28,5,0,,,,,,,,,,
E21,29,1,1,65,38,62,62,42,0,,,,
E21,29,2,1,43,22,42,44,44,0,,,,
E21,29,3,1,57,43,43,56,44,0,,,,
E21,29,4,0,,,,,,,,,,
E21,29,5,0,,,,,,,,,,
E21,30,1,0,,,,,,,,,,
E21,30,2,1,41,41,63,65,40,0,,,,
E21,30,3,0,,,,,,,,,,
E21,30,4,0,,,,,,,,,,
E21,30,5,0,,,,,,,,,,
E21,31,1,0,,,,,,,,,,
E21,31,2,1,39,60,72,65,73,0,,,,
E21,31,3,0,,,,,,,,,,
E21,31,4,0,,,,,,,,,,
E21,31,5,0,,,,,,,,,,
E21,32,1,0,,,,,,,,,,
E21,32,2,0,,,,,,,,,,
E21,32,3,1,60,42,62,56,45,0,,,,
E21,32,4,1,43,42,61,59,42,0,,,,
E21,32,5,1,39,37,40,55,40,0,,,,
E21,33,1,1,42,44,46,60,47,0,,,,
E21,33,2,0,,,,,,,,,,
E21,33,3,1,40,43,28,41,41,0,,,,
E21,33,4,1,38,45,67,50,45,0,,,,
E21,33,5,0,,,,,,,,,,
E21,34,1,0,,,,,,,,,,
E21,34,2,1,38,42,44,54,44,0,,,,
E21,34,3,0,,,,,,,,,,
E21,34,4,0,,,,,,,,,,
E21,34,5,0,,,,,,,,,,
E21,35,1,1,38,40,57,57,46,0,,,,
E21,35,2,1,42,47,40,42,43,0,,,,
E21,35,3,0,,,,,,,,,,
E21,35,4,1,42,42,46,59,47,0,,,,
E21,35,5,0,,,,,,,,,,
E21,36,1,1,39,36,59,70,39,0,,,,
E21,36,2,1,45,43,56,59,43,0,,,,
E21,36,3,1,42,41,42,44,42,0,,,,
E21,36,4,1,39,41,59,55,47,0,,,,
E21,36,5,0,,,,,,,,,,
E21,37,1,0,,,,,,,,,,
E21,37,2,1,58,43,58,54,43,0,,,,
E21,37,3,1,45,45,61,47,45,0,,,,
E21,37,4,0,,,,,,,,,,
E21,37,5,0,,,,,,,,,,
E21,38,1,0,,,,,,,,,,
E21,38,2,0,,,,,,,,,,
E21,38,3,0,,,,,,,,,,
E21,38,4,0,,,,,,,,,,
E21,38,5,0,,,,,,,,,,
E21,39,1,0,,,,,,,,,,
E21,39,2,1,43,44,43,56,55,0,,,,
E21,39,3,1,41,40,61,53,48,0,,,,
E21,39,4,0,,,,,,,,,,
E21,39,5,1,41,46,44,44,45,0,,,,
E21,40,1,1,45,45,57,60,41,0,,,,
E21,40,2,1,46,45,43,62,48,0,,,,
E21,40,3,1,42,43,44,59,42,0,,,,
E21,40,4,1,43,44,43,44,46,0,,,,
E21,40,5,0,,,,,,,,,,
E21,41,1,0,,,,,,,,,,
E21,41,2,1,44,43,42,43,42,0,,,,
E21,41,3,1,55,43,58,44,45,0,,,,
E21,41,4,0,,,,,,,,,,
E21,41,5,0,,,,,,,,,,
E21,42,1,0,,,,,,,,,,
E21,42,2,0,,,,,,,,,,
E21,42,3,0,,,,,,,,,,
E21,42,4,0,,,,,,,,,,
E21,42,5,0,,,,,,,,,,
E22,1,1,0,,,,,,,,,,
E22,1,2,1,0,0,100,25,25,0,,,,
E22,1,3,1,0,0,0,20,0,0,,,,
E22,1,4,1,0,0,0,16,0,0,,,,
E22,1,5,0,,,,,,,,,,
E22,2,1,1,0,35,0,0,34,0,,,,
E22,2,2,1,0,61,0,0,65,0,,,,
E22,2,3,1,0,32,22,32,18,0,,,,
E22,2,4,1,0,50,0,0,50,0,,,,
E22,2,5,1,0,68,0,28,69,0,,,,
E22,3,1,1,0,31,0,0,30,0,,,,
E22,3,2,1,0,34,34,0,50,0,,,,
E22,3,3,1,0,27,15,21,22,0,,,,
E22,3,4,1,0,22,23,0,33,0,,,,
E22,3,5,1,77,25,25,24,27,0,,,,
E22,4,1,1,0,0,33,35,0,0,,,,
E22,4,2,1,26,0,65,32,13,0,,,,
E22,4,3,0,,,,,,,,,,
E22,4,4,1,0,0,75,61,24,1,0,,,0
E22,4,5,1,0,0,18,46,19,0,,,,
E22,5,1,1,23,12,28,18,0,0,,,,
E22,5,2,1,27,0,33,36,19,0,,,,
E22,5,3,1,32,12,16,25,9,0,,,,
E22,5,4,0,,,,,,,,,,
E22,5,5,1,11,0,0,17,18,0,,,,
E22,6,1,0,,,,,,,,,,
E22,6,2,1,1,16,0,18,19,0,,,,
E22,6,3,0,,,,,,,,,,
E22,6,4,1,1,12,29,12,20,0,,,,
E22,6,5,1,0,2,21,23,23,0,,,,
E22,7,1,0,,,,,,,,,,
E22,7,2,1,14,27,20,22,37,0,,,,
E22,7,3,0,,,,,,,,,,
E22,7,4,0,,,,,,,,,,
E22,7,5,1,0,11,11,26,22,0,,,,
E22,8,1,0,,,,,,,,,,
E22,8,2,0,,,,,,,,,,
E22,8,3,1,22,22,61,39,29,0,,,,
E22,8,4,0,,,,,,,,,,
E22,8,5,1,17,0,22,24,23,0,,,,
E22,9,1,0,,,,,,,,,,
E22,9,2,1,0,17,24,26,41,0,,,,
E22,9,3,1,0,17,35,34,26,0,,,,
E22,9,4,1,33,15,41,55,16,0,,,,
E22,9,5,0,,,,,,,,,,
E22,10,1,0,,,,,,,,,,
E22,10,2,1,31,11,16,69,30,0,,,,
E22,10,3,0,,,,,,,,,,
E22,10,4,1,0,15,30,20,26,0,,,,
E22,10,5,1,0,12,28,51,0,0,,,,
E22,11,1,0,,,,,,,,,,
E22,11,2,1,16,28,37,49,0,0,,,,
E22,11,3,1,0,0,35,54,23,0,,,,
E22,11,4,0,,,,,,,,,,
E22,11,5,1,0,12,33,35,1,0,,,,
E22,12,1,0,,,,,,,,,,
E22,12,2,0,,,,,,,,,,
E22,12,3,1,0,10,25,26,28,0,,,,
E22,12,4,0,,,,,,,,,,
E22,12,5,1,0,18,25,34,28,0,,,,
E22,13,1,0,,,,,,,,,,
E22,13,2,1,0,18,20,39,0,0,,,,
E22,13,3,1,0,20,30,30,10,0,,,,
E22,13,4,0,,,,,,,,,,
E22,13,5,0,,,,,,,,,,
E22,14,1,0,,,,,,,,,,
E22,14,2,1,0,0,10,30,40,0,,,,
E22,14,3,0,,,,,,,,,,
E22,14,4,1,58,65,39,40,60,1,0,,,0
E22,14,5,1,0,25,12,12,18,0,,,,
E22,15,1,1,0,15,23,27,38,0,,,,
E22,15,2,0,,,,,,,,,,
E22,15,3,1,0,10,10,20,10,0,,,,
E22,15,4,1,0,10,20,20,10,0,,,,
E22,15,5,0,,,,,,,,,,
E22,16,1,1,0,10,20,20,10,0,,,,
E22,16,2,1,0,0,10,20,10,0,,,,
E22,16,3,0,,,,,,,,,,
E22,16,4,1,0,20,20,20,1,0,,,,
E22,16,5,1,11,17,12,32,5,0,,,,
E22,17,1,1,0,14,16,29,0,0,,,,
E22,17,2,0,,,,,,,,,,
E22,17,3,1,0,0,30,30,0,0,,,,
E22,17,4,1,0,0,14,15,17,0,,,,
E22,17,5,0,,,,,,,,,,
E22,18,1,0,,,,,,,,,,
E22,18,2,0,,,,,,,,,,
E22,18,3,1,70,0,0,0,10,0,,,,
E22,18,4,0,,,,,,,,,,
E22,18,5,0,,,,,,,,,,
E22,19,1,0,,,,,,,,,,
E22,19,2,1,0,20,0,20,20,0,,,,
E22,19,3,0,,,,,,,,,,
E22,19,4,0,,,,,,,,,,
E22,19,5,0,,,,,,,,,,
E22,20,1,1,0,0,10,20,15,0,,,,
E22,20,2,0,,,,,,,,,,
E22,20,3,0,,,,,,,,,,
E22,20,4,0,,,,,,,,,,
E22,20,5,0,,,,,,,,,,
E22,21,1,0,,,,,,,,,,
E22,21,2,0,,,,,,,,,,
E22,21,3,1,3,10,10,0,10,0,,,,
E22,21,4,0,,,,,,,,,,
E22,21,5,1,0,0,15,12,19,0,,,,
E22,22,1,0,,,,,,,,,,
E22,22,2,0,,,,,,,,,,
E22,22,3,1,45,25,15,25,0,0,,,,
E22,22,4,0,,,,,,,,,,
E22,22,5,1,0,0,30,30,40,0,,,,
E22,23,1,0,,,,,,,,,,
E22,23,2,1,16,18,22,20,20,0,,,,
E22,23,3,0,,,,,,,,,,
E22,23,4,0,,,,,,,,,,
E22,23,5,1,1,16,12,15,8,0,,,,
E22,24,1,0,,,,,,,,,,
E22,24,2,0,,,,,,,,,,
E22,24,3,0,,,,,,,,,,
E22,24,4,1,0,0,15,15,16,0,,,,
E22,24,5,0,,,,,,,,,,
E22,25,1,1,0,0,10,10,10,0,,,,
E22,25,2,1,0,13,10,10,0,0,,,,
E22,25,3,0,,,,,,,,,,
E22,25,4,1,0,20,20,20,0,0,,,,
E22,25,5,1,0,10,16,21,0,0,,,,
E22,26,1,1,0,12,14,20,10,0,,,,
E22,26,2,0,,,,,,,,,,
E22,26,3,1,0,11,15,15,0,0,,,,
E22,26,4,0,,,,,,,,,,
E22,26,5,1,0,10,20,15,0,0,,,,
E22,27,1,1,0,10,15,15,0,0,,,,
E22,27,2,1,0,0,11,15,15,0,,,,
E22,27,3,0,,,,,,,,,,
E22,27,4,1,0,25,15,15,0,0,,,,
E22,27,5,1,0,15,10,10,0,0,,,,
E22,28,1,0,,,,,,,,,,
E22,28,2,0,,,,,,,,,,
E22,28,3,0,,,,,,,,,,
E22,28,4,0,,,,,,,,,,
E22,28,5,0,,,,,,,,,,
E22,29,1,0,,,,,,,,,,
E22,29,2,0,,,,,,,,,,
E22,29,3,0,,,,,,,,,,
E22,29,4,1,0,15,20,10,10,0,,,,
E22,29,5,0,,,,,,,,,,
E22,30,1,1,0,10,16,12,12,0,,,,
E22,30,2,0,,,,,,,,,,
E22,30,3,0,,,,,,,,,,
E22,30,4,1,0,10,16,15,10,0,,,,
E22,30,5,0,,,,,,,,,,
E22,31,1,0,,,,,,,,,,
E22,31,2,0,,,,,,,,,,
E22,31,3,0,,,,,,,,,,
E22,31,4,0,,,,,,,,,,
E22,31,5,1,20,0,15,10,10,0,,,,
E22,32,1,0,,,,,,,,,,
E22,32,2,0,,,,,,,,,,
E22,32,3,1,0,14,18,12,15,0,,,,
E22,32,4,0,,,,,,,,,,
E22,32,5,0,,,,,,,,,,
E22,33,1,0,,,,,,,,,,
E22,33,2,1,0,0,15,14,0,0,,,,
E22,33,3,0,,,,,,,,,,
E22,33,4,0,,,,,,,,,,
E22,33,5,0,,,,,,,,,,
E22,34,1,0,,,,,,,,,,
E22,34,2,0,,,,,,,,,,
E22,34,3,0,,,,,,,,,,
E22,34,4,0,,,,,,,,,,
E22,34,5,0,,,,,,,,,,
E22,35,1,0,,,,,,,,,,
E22,35,2,0,,,,,,,,,,
E22,35,3,0,,,,,,,,,,
E22,35,4,0,,,,,,,,,,
E22,35,5,1,19,10,10,0,10,0,,,,
E22,36,1,0,,,,,,,,,,
E22,36,2,0,,,,,,,,,,
E22,36,3,1,0,10,10,10,0,0,,,,
E22,36,4,0,,,,,,,,,,
E22,36,5,0,,,,,,,,,,
E22,37,1,1,10,10,15,0,0,0,,,,
E22,37,2,1,15,10,20,15,0,0,,,,
E22,37,3,0,,,,,,,,,,
E22,37,4,0,,,,,,,,,,
E22,37,5,0,,,,,,,,,,
E22,38,1,0,,,,,,,,,,
E22,38,2,1,10,10,15,0,10,0,,,,
E22,38,3,0,,,,,,,,,,
E22,38,4,0,,,,,,,,,,
E22,38,5,0,,,,,,,,,,
E22,39,1,0,,,,,,,,,,
E22,39,2,0,,,,,,,,,,
E22,39,3,0,,,,,,,,,,
E22,39,4,0,,,,,,,,,,
E22,39,5,0,,,,,,,,,,
E22,40,1,0,,,,,,,,,,
E22,40,2,0,,,,,,,,,,
E22,40,3,0,,,,,,,,,,
E22,40,4,0,,,,,,,,,,
E22,40,5,0,,,,,,,,,,
E22,41,1,0,,,,,,,,,,
E22,41,2,0,,,,,,,,,,
E22,41,3,0,,,,,,,,,,
E22,41,4,0,,,,,,,,,,
E22,41,5,0,,,,,,,,,,
E22,42,1,0,,,,,,,,,,
E22,42,2,0,,,,,,,,,,
E22,42,3,0,,,,,,,,,,
E22,42,4,0,,,,,,,,,,
E22,42,5,0,,,,,,,,,,
E23,1,1,1,0,1,0,40,32,0,,,,
E23,1,2,1,4,14,17,10,13,0,,,,
E23,1,3,1,50,50,30,50,50,0,,,,
E23,1,4,0,,,,,,,,,,
E23,1,5,1,57,10,11,62,18,0,,,,
E23,2,1,1,57,19,50,59,32,0,,,,
E23,2,2,1,11,30,0,57,35,0,,,,
E23,2,3,1,67,17,23,63,14,0,,,,
E23,2,4,1,33,20,12,50,23,1,1,1,0,0
E23,2,5,0,,,,,,,,,,
E23,3,1,1,0,57,68,5,58,0,,,,
E23,3,2,0,,,,,,,,,,
E23,3,3,1,21,62,16,23,50,0,,,,
E23,3,4,1,17,20,17,23,13,0,,,,
E23,3,5,1,0,2,2,4,3,0,,,,
E23,4,1,0,,,,,,,,,,
E23,4,2,1,20,20,55,28,32,0,,,,
E23,4,3,1,17,6,2,1,0,0,,,,
E23,4,4,1,0,10,6,5,3,0,,,,
E23,4,5,1,22,19,21,15,10,0,,,,
E23,5,1,0,,,,,,,,,,
E23,5,2,0,,,,,,,,,,
E23,5,3,1,3,5,11,11,15,0,,,,
E23,5,4,0,,,,,,,,,,
E23,5,5,0,,,,,,,,,,
E23,6,1,0,,,,,,,,,,
E23,6,2,1,56,63,69,2,69,1,0,,,0
E23,6,3,0,,,,,,,,,,
E23,6,4,1,26,22,23,24,64,0,,,,
E23,6,5,1,10,14,6,6,62,0,,,,
E23,7,1,0,,,,,,,,,,
E23,7,2,1,8,8,14,17,15,0,,,,
E23,7,3,0,,,,,,,,,,
E23,7,4,1,0,0,0,0,0,0,,,,
E23,7,5,0,,,,,,,,,,
E23,8,1,0,,,,,,,,,,
E23,8,2,0,,,,,,,,,,
E23,8,3,1,27,73,75,21,76,0,,,,
E23,8,4,0,,,,,,,,,,
E23,8,5,1,6,65,67,70,68,0,,,,
E23,9,1,0,,,,,,,,,,
E23,9,2,0,,,,,,,,,,
E23,9,3,1,1,0,0,1,0,1,1,1,0,0
E23,9,4,0,,,,,,,,,,
E23,9,5,1,22,7,11,17,14,0,,,,
E23,10,1,0,,,,,,,,,,
E23,10,2,1,0,5,13,0,85,0,,,,
E23,10,3,1,0,2,7,10,8,0,,,,
E23,10,4,0,,,,,,,,,,
E23,10,5,1,5,6,2,1,7,0,,,,
E23,11,1,0,,,,,,,,,,
E23,11,2,0,,,,,,,,,,
E23,11,3,0,,,,,,,,,,
E23,11,4,1,60,59,85,19,42,1,1,2,2,0
E23,11,5,0,,,,,,,,,,
E23,12,1,1,21,17,57,26,16,1,1,0,,0
E23,12,2,1,15,21,25,64,24,0,,,,
E23,12,3,0,,,,,,,,,,
E23,12,4,1,16,11,16,18,16,0,,,,
E23,12,5,0,,,,,,,,,,
E23,13,1,0,,,,,,,,,,
E23,13,2,1,24,98,29,25,70,0,,,,
E23,13,3,0,,,,,,,,,,
E23,13,4,1,4,2,5,6,17,0,,,,
E23,13,5,1,9,0,2,1,0,0,,,,
E23,14,1,0,,,,,,,,,,
E23,14,2,1,26,23,27,28,17,0,,,,
E23,14,3,1,20,6,5,4,3,0,,,,
E23,14,4,1,7,9,17,7,7,0,,,,
E23,14,5,1,1,68,4,4,4,0,,,,
E23,15,1,0,,,,,,,,,,
E23,15,2,0,,,,,,,,,,
E23,15,3,1,2,16,63,21,11,0,,,,
E23,15,4,0,,,,,,,,,,
E23,15,5,1,12,5,4,0,0,0,,,,
E23,16,1,1,17,3,2,64,0,0,,,,
E23,16,2,0,,,,,,,,,,
E23,16,3,1,0,0,0,0,2,0,,,,
E23,16,4,1,5,3,3,10,6,0,,,,
E23,16,5,1,7,16,11,11,9,0,,,,
E23,17,1,1,6,4,1,10,72,0,,,,
E23,17,2,1,0,3,13,2,13,0,,,,
E23,17,3,1,3,6,3,7,71,0,,,,
E23,17,4,1,0,0,0,6,85,0,,,,
E23,17,5,1,0,0,0,0,76,0,,,,
E23,18,1,0,,,,,,,,,,
E23,18,2,0,,,,,,,,,,
E23,18,3,1,34,21,19,22,71,0,,,,
E23,18,4,1,24,21,15,19,79,0,,,,
E23,18,5,0,,,,,,,,,,
E23,19,1,1,0,0,0,5,72,0,,,,
E23,19,2,1,19,15,13,83,79,0,,,,
E23,19,3,0,,,,,,,,,,
E23,19,4,1,0,57,7,8,75,0,,,,
E23,19,5,1,0,12,79,11,67,0,,,,
E23,20,1,0,,,,,,,,,,
E23,20,2,0,,,,,,,,,,
E23,20,3,1,4,8,30,22,50,0,,,,
E23,20,4,0,,,,,,,,,,
E23,20,5,1,12,22,12,8,50,0,,,,
E23,21,1,0,,,,,,,,,,
E23,21,2,1,0,0,0,0,70,0,,,,
E23,21,3,1,5,41,4,2,60,0,,,,
E23,21,4,1,8,1,2,2,87,0,,,,
E23,21,5,1,68,14,25,14,66,0,,,,
E23,22,1,0,,,,,,,,,,
E23,22,2,1,0,11,4,4,62,0,,,,
E23,22,3,0,,,,,,,,,,
E23,22,4,1,6,15,11,8,59,0,,,,
E23,22,5,1,0,0,0,0,61,0,,,,
E23,23,1,0,,,,,,,,,,
E23,23,2,0,,,,,,,,,,
E23,23,3,1,11,2,8,2,67,0,,,,
E23,23,4,1,0,0,0,0,0,0,,,,
E23,23,5,1,3,6,82,3,50,1,0,,,0
E23,24,1,0,,,,,,,,,,
E23,24,2,0,,,,,,,,,,
E23,24,3,1,0,7,82,23,65,1,0,,,0
E23,24,4,1,5,7,61,1,72,0,,,,
E23,24,5,0,,,,,,,,,,
E23,25,1,0,,,,,,,,,,
E23,25,2,1,1,6,75,7,68,0,,,,
E23,25,3,0,,,,,,,,,,
E23,25,4,1,0,0,6,75,2,0,,,,
E23,25,5,0,,,,,,,,,,
E23,26,1,1,4,3,3,3,60,0,,,,
E23,26,2,1,0,8,4,31,5,0,,,,
E23,26,3,0,,,,,,,,,,
E23,26,4,1,3,11,9,14,76,0,,,,
E23,26,5,1,55,8,68,21,64,0,,,,
E23,27,1,0,,,,,,,,,,
E23,27,2,0,,,,,,,,,,
E23,27,3,1,66,85,83,9,76,0,,,,
E23,27,4,0,,,,,,,,,,
E23,27,5,1,47,23,91,15,55,1,2,1,0,0
E23,28,1,0,,,,,,,,,,
E23,28,2,1,2,0,62,2,72,0,,,,
E23,28,3,0,,,,,,,,,,
E23,28,4,1,4,17,6,0,50,0,,,,
E23,28,5,1,9,12,13,5,50,0,,,,
E23,29,1,0,,,,,,,,,,
E23,29,2,1,1,0,29,0,50,0,,,,
E23,29,3,0,,,,,,,,,,
E23,29,4,1,6,9,12,0,29,0,,,,
E23,29,5,1,71,27,66,19,14,0,,,,
E23,30,1,0,,,,,,,,,,
E23,30,2,1,0,1,50,1,6,0,,,,
E23,30,3,0,,,,,,,,,,
E23,30,4,0,,,,,,,,,,
E23,30,5,0,,,,,,,,,,
E23,31,1,0,,,,,,,,,,
E23,31,2,0,,,,,,,,,,
E23,31,3,1,0,9,11,20,0,0,,,,
E23,31,4,1,6,6,0,8,50,0,,,,
E23,31,5,1,11,0,0,0,0,0,,,,
E23,32,1,0,,,,,,,,,,
E23,32,2,0,,,,,,,,,,
E23,32,3,1,3,4,59,11,13,0,,,,
E23,32,4,1,0,0,0,5,0,0,,,,
E23,32,5,1,0,2,0,0,1,0,,,,
E23,33,1,0,,,,,,,,,,
E23,33,2,1,2,27,20,27,2,0,,,,
E23,33,3,1,3,2,0,3,0,0,,,,
E23,33,4,1,50,50,50,6,50,0,,,,
E23,33,5,1,8,22,96,20,78,0,,,,
E23,34,1,0,,,,,,,,,,
E23,34,2,0,,,,,,,,,,
E23,34,3,0,,,,,,,,,,
E23,34,4,1,6,15,18,26,50,0,,,,
E23,34,5,0,,,,,,,,,,
E23,35,1,1,3,1,5,50,5,0,,,,
E23,35,2,0,,,,,,,,,,
E23,35,3,0,,,,,,,,,,
E23,35,4,0,,,,,,,,,,
E23,35,5,0,,,,,,,,,,
E23,36,1,0,,,,,,,,,,
E23,36,2,0,,,,,,,,,,
E23,36,3,1,0,11,8,8,8,0,,,,
E23,36,4,1,0,1,5,0,0,0,,,,
E23,36,5,1,7,5,5,1,4,0,,,,
E23,37,1,0,,,,,,,,,,
E23,37,2,0,,,,,,,,,,
E23,37,3,0,,,,,,,,,,
E23,37,4,1,9,7,5,8,4,0,,,,
E23,37,5,1,0,10,1,0,0,0,,,,
E23,38,1,0,,,,,,,,,,
E23,38,2,1,0,0,0,0,0,0,,,,
E23,38,3,1,0,0,0,3,0,0,,,,
E23,38,4,0,,,,,,,,,,
E23,38,5,0,,,,,,,,,,
E23,39,1,0,,,,,,,,,,
E23,39,2,1,0,0,0,0,3,0,,,,
E23,39,3,1,0,2,0,50,0,0,,,,
E23,39,4,1,0,0,1,5,0,0,,,,
E23,39,5,0,,,,,,,,,,
E23,40,1,0,,,,,,,,,,
E23,40,2,0,,,,,,,,,,
E23,40,3,0,,,,,,,,,,
E23,40,4,1,21,21,11,0,0,0,,,,
E23,40,5,1,0,0,4,0,61,0,,,,
E23,41,1,0,,,,,,,,,,
E23,41,2,1,0,0,0,6,5,0,,,,
E23,41,3,0,,,,,,,,,,
E23,41,4,0,,,,,,,,,,
E23,41,5,0,,,,,,,,,,
E23,42,1,0,,,,,,,,,,
E23,42,2,0,,,,,,,,,,
E23,42,3,0,,,,,,,,,,
E23,42,4,0,,,,,,,,,,
E23,42,5,1,0,0,6,7,1,0,,,,
E24,1,1,1,19,85,22,2,82,0,,,,
E24,1,2,0,,,,,,,,,,
E24,1,3,1,65,68,83,83,84,0,,,,
E24,1,4,1,86,84,99,80,71,0,,,,
E24,1,5,1,30,62,32,20,25,0,,,,
E24,2,1,0,,,,,,,,,,
E24,2,2,1,100,82,87,100,100,1,1,1,1,0
E24,2,3,1,17,80,78,78,76,1,2,2,2,0
E24,2,4,1,66,84,85,75,86,1,2,2,2,0
E24,2,5,1,74,100,79,13,73,0,,,,
E24,3,1,1,75,89,79,75,100,0,,,,
E24,3,2,1,66,100,80,82,99,0,,,,
E24,3,3,1,30,81,78,79,28,1,1,1,1,0
E24,3,4,1,82,100,100,100,100,0,,,,
E24,3,5,1,88,66,33,100,73,0,,,,
E24,4,1,1,86,85,86,81,80,1,2,2,2,1
E24,4,2,0,,,,,,,,,,
E24,4,3,1,29,55,57,59,61,0,,,,
E24,4,4,1,67,73,74,76,71,0,,,,
E24,4,5,1,69,72,28,66,72,0,,,,
E24,5,1,1,67,70,75,75,72,1,2,2,2,0
E24,5,2,1,28,21,26,72,75,0,,,,
E24,5,3,1,71,65,67,71,67,1,2,2,2,0
E24,5,4,0,,,,,,,,,,
E24,5,5,1,62,83,81,77,83,1,2,2,2,0
E24,6,1,1,33,68,73,69,80,1,2,2,2,0
E24,6,2,1,64,77,69,76,73,1,2,2,2,0
E24,6,3,1,68,74,67,74,74,0,,,,
E24,6,4,1,66,74,73,69,69,0,,,,
E24,6,5,1,69,70,74,70,75,0,,,,
E24,7,1,0,,,,,,,,,,
E24,7,2,0,,,,,,,,,,
E24,7,3,1,63,73,76,76,73,1,2,2,2,0
E24,7,4,1,68,71,66,69,71,1,1,1,1,0
E24,7,5,1,34,24,27,30,34,1,1,1,1,0
E24,8,1,1,67,68,65,76,67,0,,,,
E24,8,2,0,,,,,,,,,,
E24,8,3,0,,,,,,,,,,
E24,8,4,1,60,69,69,67,66,1,2,2,2,0
E24,8,5,1,41,48,36,46,44,1,1,1,1,0
E24,9,1,1,65,60,73,67,66,1,2,2,2,0
E24,9,2,0,,,,,,,,,,
E24,9,3,1,85,81,87,84,83,1,2,2,2,0
E24,9,4,0,,,,,,,,,,
E24,9,5,1,66,61,64,64,62,1,1,2,2,0
E24,10,1,1,68,68,71,73,73,1,2,2,2,0
E24,10,2,1,66,73,71,69,71,1,2,2,2,0
E24,10,3,1,69,69,73,76,73,1,2,2,2,0
E24,10,4,1,69,65,73,75,71,1,2,2,2,0
E24,10,5,1,62,65,68,66,68,1,1,1,1,0
E24,11,1,1,66,65,66,68,72,1,2,2,2,0
E24,11,2,1,68,69,69,70,70,1,2,2,2,0
E24,11,3,1,66,68,71,71,73,1,2,2,2,0
E24,11,4,1,66,69,77,69,69,1,2,2,2,0
E24,11,5,1,70,70,71,72,69,1,2,2,2,0
E24,12,1,1,70,70,73,76,76,1,2,2,2,0
E24,12,2,1,69,75,79,73,70,1,2,2,2,0
E24,12,3,1,67,69,70,73,69,1,2,2,2,0
E24,12,4,1,74,74,78,78,74,1,2,2,2,0
E24,12,5,1,68,70,77,80,72,1,2,2,2,0
E24,13,1,1,70,75,73,74,76,1,2,2,2,0
E24,13,2,1,67,69,70,70,70,1,2,2,2,0
E24,13,3,1,68,73,75,72,78,1,2,2,2,0
E24,13,4,1,69,71,76,75,50,1,2,2,2,0
E24,13,5,1,70,73,70,75,73,1,1,1,1,0
E24,14,1,1,74,73,76,78,78,1,2,2,2,0
E24,14,2,1,70,80,72,73,70,1,2,2,2,0
E24,14,3,0,,,,,,,,,,
E24,14,4,1,69,69,69,72,69,1,2,2,2,0
E24,14,5,1,69,76,71,71,73,1,1,1,1,0
E24,15,1,1,63,72,74,68,75,1,1,1,1,
E24,15,2,1,37,43,44,45,45,1,1,1,1,0
E24,15,3,1,72,73,67,73,69,1,2,2,2,0
E24,15,4,1,71,75,77,73,71,1,2,2,2,0
E24,15,5,1,73,71,75,70,69,1,1,1,1,0
E24,16,1,1,70,74,72,69,73,1,2,2,2,0
E24,16,2,1,70,73,69,74,78,1,2,2,2,0
E24,16,3,1,72,72,75,75,76,1,2,2,2,0
E24,16,4,1,70,70,70,75,72,1,2,2,2,0
E24,16,5,1,35,33,32,34,67,1,1,1,1,0
E24,17,1,1,68,71,74,73,74,1,2,2,2,0
E24,17,2,1,73,72,74,73,73,1,2,2,2,0
E24,17,3,0,,,,,,,,,,
E24,17,4,1,70,72,70,74,78,1,2,2,2,0
E24,17,5,1,28,28,27,28,27,1,1,1,1,0
E24,18,1,1,71,73,73,72,68,1,2,2,2,0
E24,18,2,1,73,76,74,77,50,1,2,2,2,0
E24,18,3,1,75,76,73,67,72,1,2,2,2,0
E24,18,4,1,66,73,72,71,72,1,2,2,2,0
E24,18,5,1,71,70,70,73,73,1,2,2,2,0
E24,19,1,1,66,68,72,69,69,1,2,2,2,0
E24,19,2,1,72,72,77,76,77,1,2,2,2,0
E24,19,3,1,64,63,61,65,66,1,2,2,2,0
E24,19,4,1,71,79,73,72,70,1,2,2,2,0
E24,19,5,1,74,75,77,73,73,1,2,2,2,0
E24,20,1,1,73,74,73,77,75,1,2,2,2,0
E24,20,2,1,68,73,67,74,74,1,2,2,2,0
E24,20,3,1,73,74,76,77,76,1,2,2,2,0
E24,20,4,0,,,,,,,,,,
E24,20,5,1,70,71,72,74,79,1,2,2,2,0
E24,21,1,1,66,69,70,66,67,1,2,2,2,0
E24,21,2,1,70,72,70,73,76,1,2,2,2,0
E24,21,3,0,,,,,,,,,,
E24,21,4,1,68,70,73,72,74,1,2,2,2,0
E24,21,5,1,73,76,74,78,78,1,1,1,1,0
E24,22,1,1,75,67,75,74,75,1,2,2,2,0
E24,22,2,1,69,74,74,74,73,1,2,2,2,0
E24,22,3,0,,,,,,,,,,
E24,22,4,1,70,73,74,75,77,1,2,2,2,0
E24,22,5,1,74,76,72,72,74,1,2,2,2,0
E24,23,1,0,,,,,,,,,,
E24,23,2,0,,,,,,,,,,
E24,23,3,0,,,,,,,,,,
E24,23,4,1,67,71,73,76,70,1,2,2,2,0
E24,23,5,1,75,77,76,76,78,1,1,1,1,0
E24,24,1,1,71,75,75,78,77,1,2,2,2,0
E24,24,2,1,71,74,70,71,74,1,2,2,2,0
E24,24,3,1,73,78,75,76,78,1,2,2,2,0
E24,24,4,1,69,72,72,74,74,1,2,2,2,0
E24,24,5,1,36,30,32,31,25,1,1,1,1,0
E24,25,1,1,68,74,74,74,79,1,2,2,2,0
E24,25,2,0,,,,,,,,,,
E24,25,3,1,53,53,55,56,60,1,1,1,1,0
E24,25,4,1,74,71,70,73,77,1,2,2,2,0
E24,25,5,1,28,22,24,26,24,1,1,1,1,0
E24,26,1,1,69,74,76,76,72,1,1,1,1,0
E24,26,2,1,73,75,72,75,71,1,2,2,2,0
E24,26,3,1,70,73,72,75,73,1,2,2,2,0
E24,26,4,1,70,73,73,75,76,1,2,2,2,0
E24,26,5,1,70,70,76,76,77,1,1,1,1,0
E24,27,1,1,67,68,67,69,70,1,2,2,2,0
E24,27,2,1,73,76,75,71,71,1,2,2,2,0
E24,27,3,0,,,,,,,,,,
E24,27,4,0,,,,,,,,,,
E24,27,5,1,74,69,68,77,73,1,1,1,1,0
E24,28,1,0,,,,,,,,,,
E24,28,2,1,69,72,76,75,74,1,2,2,2,0
E24,28,3,0,,,,,,,,,,
E24,28,4,0,,,,,,,,,,
E24,28,5,1,72,73,72,78,76,1,2,2,2,0
E24,29,1,1,70,72,74,76,76,1,2,2,2,0
E24,29,2,1,71,71,75,75,74,1,2,2,2,0
E24,29,3,1,75,76,73,77,76,1,2,2,2,0
E24,29,4,0,,,,,,,,,,
E24,29,5,1,76,78,76,77,78,1,2,2,2,0
E24,30,1,1,71,72,79,74,79,1,2,2,2,0
E24,30,2,1,72,76,78,76,78,1,2,2,2,0
E24,30,3,1,75,80,82,75,82,1,2,2,2,0
E24,30,4,1,70,77,74,79,76,1,2,2,2,0
E24,30,5,1,67,70,75,69,72,1,2,2,2,0
E24,31,1,1,75,77,74,70,77,1,2,2,2,0
E24,31,2,1,75,74,70,72,80,1,2,2,2,0
E24,31,3,0,,,,,,,,,,
E24,31,4,0,,,,,,,,,,
E24,31,5,1,72,75,76,78,79,1,2,2,2,0
E24,32,1,1,74,75,76,77,76,1,2,2,2,0
E24,32,2,1,63,65,69,66,69,1,2,2,2,0
E24,32,3,0,,,,,,,,,,
E24,32,4,0,,,,,,,,,,
E24,32,5,1,76,76,76,78,77,1,1,1,1,0
E24,33,1,1,71,72,69,70,73,1,2,2,2,0
E24,33,2,0,,,,,,,,,,
E24,33,3,0,,,,,,,,,,
E24,33,4,1,75,69,73,70,73,1,2,2,2,0
E24,33,5,1,32,28,29,29,30,1,1,1,1,0
E24,34,1,0,,,,,,,,,,
E24,34,2,1,70,72,71,73,69,1,2,2,2,0
E24,34,3,1,71,76,77,77,75,1,2,2,2,0
E24,34,4,1,76,75,79,77,74,1,3,2,2,0
E24,34,5,1,37,38,35,38,31,1,1,1,1,0
E24,35,1,1,73,80,77,80,78,1,2,2,2,0
E24,35,2,1,69,72,71,76,70,1,2,2,2,0
E24,35,3,0,,,,,,,,,,
E24,35,4,1,72,78,74,76,77,1,2,2,2,0
E24,35,5,1,74,75,72,75,73,1,2,2,2,0
E24,36,1,1,70,73,74,73,74,1,2,2,2,0
E24,36,2,0,,,,,,,,,,
E24,36,3,1,73,71,76,76,74,1,2,2,2,0
E24,36,4,1,69,71,72,66,67,1,2,2,2,0
E24,36,5,1,75,70,76,74,74,1,2,2,2,0
E24,37,1,0,,,,,,,,,,
E24,37,2,0,,,,,,,,,,
E24,37,3,1,78,77,81,76,78,1,2,2,2,0
E24,37,4,1,72,76,71,69,78,1,2,2,2,0
E24,37,5,1,32,28,29,29,35,1,1,1,1,0
E24,38,1,1,71,76,78,76,73,1,2,2,2,0
E24,38,2,1,68,76,76,75,76,1,2,2,2,0
E24,38,3,1,69,73,70,75,75,1,2,2,2,0
E24,38,4,0,,,,,,,,,,
E24,38,5,1,71,76,75,76,74,1,2,2,2,0
E24,39,1,1,69,75,73,74,76,1,2,2,2,0
E24,39,2,0,,,,,,,,,,
E24,39,3,1,75,80,74,81,78,1,2,2,2,0
E24,39,4,1,65,72,68,72,69,1,2,2,2,0
E24,39,5,1,73,77,73,78,76,1,2,2,2,0
E24,40,1,1,76,77,76,79,77,1,2,2,2,0
E24,40,2,1,69,69,71,67,67,1,2,2,2,0
E24,40,3,1,71,66,66,66,67,1,2,2,2,0
E24,40,4,1,71,72,76,77,77,1,2,2,2,0
E24,40,5,0,,,,,,,,,,
E24,41,1,1,72,73,75,75,76,1,2,2,2,0
E24,41,2,1,65,77,71,74,75,1,2,2,2,0
E24,41,3,1,65,70,72,68,74,1,2,2,2,0
E24,41,4,1,75,80,75,73,77,1,2,2,2,0
E24,41,5,1,69,71,71,68,67,1,2,2,2,0
E24,42,1,1,74,73,69,75,74,1,2,2,2,0
E24,42,2,1,74,71,68,74,73,1,2,2,2,0
E24,42,3,1,73,73,71,74,71,1,2,2,2,0
E24,42,4,1,68,69,72,73,69,1,2,2,2,0
E24,42,5,1,71,75,70,75,69,1,2,2,2,0
E25,1,1,1,65,45,17,26,71,1,0,,,0
E25,1,2,1,0,38,8,57,0,0,,,,
E25,1,3,0,,,,,,,,,,
E25,1,4,1,37,76,16,0,57,0,,,,
E25,1,5,1,26,90,72,3,2,0,,,,
E25,2,1,1,37,1,0,0,0,0,,,,
E25,2,2,1,1,0,0,0,0,0,,,,
E25,2,3,1,63,3,2,2,70,0,,,,
E25,2,4,1,0,33,2,0,2,0,,,,
E25,2,5,1,0,75,10,1,0,1,1,0,,0
E25,3,1,1,10,3,78,56,10,0,,,,
E25,3,2,1,0,0,42,61,0,0,,,,
E25,3,3,1,0,88,65,1,70,0,,,,
E25,3,4,1,77,60,79,24,0,0,,,,
E25,3,5,1,0,63,40,2,1,0,,,,
E25,4,1,1,40,78,60,51,1,0,,,,
E25,4,2,1,22,61,18,33,0,0,,,,
E25,4,3,1,14,62,15,0,36,0,,,,
E25,4,4,1,40,69,90,24,62,0,,,,
E25,4,5,1,82,90,64,57,44,1,1,0,,1
E25,5,1,1,0,40,21,0,29,0,,,,
E25,5,2,1,21,59,48,65,12,0,,,,
E25,5,3,0,,,,,,,,,,
E25,5,4,1,45,0,21,1,0,0,,,,
E25,5,5,1,32,69,27,61,15,0,,,,
E25,6,1,1,68,27,61,19,0,0,,,,
E25,6,2,0,,,,,,,,,,
E25,6,3,1,59,34,93,22,32,0,,,,
E25,6,4,1,0,48,34,14,0,0,,,,
E25,6,5,1,3,59,37,72,70,0,,,,
E25,7,1,1,0,57,9,70,61,0,,,,
E25,7,2,1,0,27,16,59,40,0,,,,
E25,7,3,1,0,0,34,40,66,0,,,,
E25,7,4,0,,,,,,,,,,
E25,7,5,1,0,31,29,64,50,0,,,,
E25,8,1,0,,,,,,,,,,
E25,8,2,1,0,30,40,0,0,0,,,,
E25,8,3,1,26,25,22,77,58,0,,,,
E25,8,4,1,0,72,80,0,62,0,,,,
E25,8,5,1,38,63,79,90,59,0,,,,
E25,9,1,1,62,11,36,70,30,0,,,,
E25,9,2,1,25,39,36,73,62,0,,,,
E25,9,3,1,66,23,22,58,60,0,,,,
E25,9,4,1,32,29,72,26,64,0,,,,
E25,9,5,0,,,,,,,,,,
E25,10,1,1,50,25,61,21,0,0,,,,
E25,10,2,1,40,71,74,62,40,0,,,,
E25,10,3,1,59,26,25,52,59,0,,,,
E25,10,4,1,15,37,7,18,0,0,,,,
E25,10,5,1,25,79,59,1,76,0,,,,
E25,11,1,1,13,37,58,13,25,0,,,,
E25,11,2,0,,,,,,,,,,
E25,11,3,1,14,7,39,28,0,0,,,,
E25,11,4,1,0,29,38,37,0,0,,,,
E25,11,5,1,0,0,33,27,33,0,,,,
E25,12,1,1,0,0,20,32,36,0,,,,
E25,12,2,1,22,29,75,61,22,0,,,,
E25,12,3,0,,,,,,,,,,
E25,12,4,1,82,17,62,2,1,0,,,,
E25,12,5,1,26,38,64,67,29,0,,,,
E25,13,1,0,,,,,,,,,,
E25,13,2,0,,,,,,,,,,
E25,13,3,0,,,,,,,,,,
E25,13,4,1,19,61,80,70,63,0,,,,
E25,13,5,1,73,69,26,58,12,0,,,,
E25,14,1,1,21,40,67,74,17,0,,,,
E25,14,2,0,,,,,,,,,,
E25,14,3,0,,,,,,,,,,
E25,14,4,1,0,26,0,72,17,0,,,,
E25,14,5,1,17,39,50,65,2,0,,,,
E25,15,1,1,19,63,0,0,39,0,,,,
E25,15,2,1,24,15,26,6,19,0,,,,
E25,15,3,1,1,0,31,69,1,0,,,,
E25,15,4,1,35,16,65,0,0,0,,,,
E25,15,5,1,0,0,31,57,0,0,,,,
E25,16,1,1,34,0,2,63,0,0,,,,
E25,16,2,0,,,,,,,,,,
E25,16,3,1,37,0,0,33,0,0,,,,
E25,16,4,1,16,63,59,23,0,0,,,,
E25,16,5,1,0,0,24,40,0,0,,,,
E25,17,1,1,31,0,0,0,0,0,,,,
E25,17,2,1,0,0,21,64,0,0,,,,
E25,17,3,0,,,,,,,,,,
E25,17,4,0,,,,,,,,,,
E25,17,5,1,0,37,65,10,38,0,,,,
E25,18,1,1,0,29,26,43,21,0,,,,
E25,18,2,1,76,23,77,0,0,0,,,,
E25,18,3,0,,,,,,,,,,
E25,18,4,1,0,29,68,65,5,1,0,,,0
E25,18,5,1,0,74,75,10,79,0,,,,
E25,19,1,1,0,29,65,21,58,0,,,,
E25,19,2,1,72,65,75,32,26,0,,,,
E25,19,3,1,52,23,33,8,7,0,,,,
E25,19,4,1,31,0,77,71,59,0,,,,
E25,19,5,0,,,,,,,,,,
E25,20,1,1,0,68,9,70,0,0,,,,
E25,20,2,1,0,0,12,72,0,0,,,,
E25,20,3,1,71,22,68,16,0,0,,,,
E25,20,4,1,82,64,68,17,59,0,,,,
E25,20,5,0,,,,,,,,,,
E25,21,1,0,,,,,,,,,,
E25,21,2,1,0,0,12,0,0,0,,,,
E25,21,3,1,1,0,23,0,2,0,,,,
E25,21,4,1,0,0,16,59,0,0,,,,
E25,21,5,1,0,0,0,29,0,0,,,,
E25,22,1,1,18,1,36,0,20,0,,,,
E25,22,2,1,0,0,0,0,0,0,,,,
E25,22,3,1,0,0,0,0,0,0,,,,
E25,22,4,1,0,1,1,73,67,0,,,,
E25,22,5,0,,,,,,,,,,
E25,23,1,1,0,0,73,1,0,0,,,,
E25,23,2,1,0,2,24,39,1,0,,,,
E25,23,3,0,,,,,,,,,,
E25,23,4,0,,,,,,,,,,
E25,23,5,1,1,26,19,0,43,0,,,,
E25,24,1,1,36,28,4,3,0,0,,,,
E25,24,2,1,2,0,20,63,0,0,,,,
E25,24,3,1,0,62,64,54,0,0,,,,
E25,24,4,1,0,34,0,30,76,0,,,,
E25,24,5,1,22,67,76,0,40,0,,,,
E25,25,1,1,32,61,73,0,0,0,,,,
E25,25,2,1,1,66,66,64,62,0,,,,
E25,25,3,1,0,38,0,0,30,0,,,,
E25,25,4,0,,,,,,,,,,
E25,25,5,1,0,77,35,68,71,0,,,,
E25,26,1,1,73,27,62,4,24,0,,,,
E25,26,2,0,,,,,,,,,,
E25,26,3,1,76,30,67,14,66,0,,,,
E25,26,4,1,67,69,71,0,37,0,,,,
E25,26,5,1,21,0,86,0,22,0,,,,
E25,27,1,1,13,1,35,0,28,0,,,,
E25,27,2,1,0,29,18,0,72,0,,,,
E25,27,3,1,26,1,73,0,0,0,,,,
E25,27,4,0,,,,,,,,,,
E25,27,5,1,0,0,32,0,36,0,,,,
E25,28,1,1,0,79,26,81,17,0,,,,
E25,28,2,1,25,59,64,0,35,0,,,,
E25,28,3,1,0,37,0,0,59,0,,,,
E25,28,4,1,9,63,82,23,65,0,,,,
E25,28,5,0,,,,,,,,,,
E25,29,1,1,20,54,10,0,0,0,,,,
E25,29,2,1,0,19,7,0,0,0,,,,
E25,29,3,1,0,36,16,17,0,0,,,,
E25,29,4,0,,,,,,,,,,
E25,29,5,1,0,25,0,0,23,0,,,,
E25,30,1,0,,,,,,,,,,
E25,30,2,0,,,,,,,,,,
E25,30,3,1,16,18,39,0,0,0,,,,
E25,30,4,1,0,32,30,0,35,0,,,,
E25,30,5,1,0,0,27,16,15,0,,,,
E25,31,1,1,0,0,25,0,0,0,,,,
E25,31,2,1,19,31,13,61,36,0,,,,
E25,31,3,1,0,0,31,41,50,0,,,,
E25,31,4,0,,,,,,,,,,
E25,31,5,0,,,,,,,,,,
E25,32,1,1,0,0,0,0,0,0,,,,
E25,32,2,1,0,0,0,0,0,0,,,,
E25,32,3,1,0,18,34,0,0,0,,,,
E25,32,4,1,0,21,41,0,69,0,,,,
E25,32,5,1,0,0,67,0,14,0,,,,
E25,33,1,0,,,,,,,,,,
E25,33,2,1,0,0,35,0,0,0,,,,
E25,33,3,0,,,,,,,,,,
E25,33,4,1,0,21,18,76,0,0,,,,
E25,33,5,1,78,69,61,0,0,0,,,,
E25,34,1,0,,,,,,,,,,
E25,34,2,1,0,0,31,36,0,0,,,,
E25,34,3,1,0,19,22,3,0,0,,,,
E25,34,4,1,3,0,34,0,0,0,,,,
E25,34,5,1,20,42,74,21,65,0,,,,
E25,35,1,0,,,,,,,,,,
E25,35,2,0,,,,,,,,,,
E25,35,3,0,,,,,,,,,,
E25,35,4,1,0,25,0,19,0,0,,,,
E25,35,5,1,0,25,71,1,0,0,,,,
E25,36,1,1,0,67,0,88,89,0,,,,
E25,36,2,1,19,34,1,68,69,0,,,,
E25,36,3,1,27,0,11,0,0,0,,,,
E25,36,4,1,0,22,37,14,32,0,,,,
E25,36,5,0,,,,,,,,,,
E25,37,1,0,,,,,,,,,,
E25,37,2,0,,,,,,,,,,
E25,37,3,1,86,63,70,15,39,0,,,,
E25,37,4,0,,,,,,,,,,
E25,37,5,1,0,19,39,52,0,0,,,,
E25,38,1,1,0,0,0,0,0,0,,,,
E25,38,2,0,,,,,,,,,,
E25,38,3,1,0,0,37,0,0,0,,,,
E25,38,4,1,0,0,0,0,0,0,,,,
E25,38,5,1,0,0,0,0,18,0,,,,
E25,39,1,0,,,,,,,,,,
E25,39,2,1,0,40,0,0,62,0,,,,
E25,39,3,1,25,37,0,31,0,0,,,,
E25,39,4,1,74,0,29,0,19,0,,,,
E25,39,5,1,23,0,1,0,37,0,,,,
E25,40,1,1,0,68,0,64,14,0,,,,
E25,40,2,1,0,0,26,66,0,0,,,,
E25,40,3,1,0,21,0,0,72,0,,,,
E25,40,4,1,0,27,46,64,24,0,,,,
E25,40,5,1,0,22,46,62,0,0,,,,
E25,41,1,1,0,13,28,43,15,0,,,,
E25,41,2,1,0,27,0,0,36,0,,,,
E25,41,3,0,,,,,,,,,,
E25,41,4,1,0,46,0,0,24,0,,,,
E25,41,5,1,0,36,0,1,68,0,,,,
E25,42,1,0,,,,,,,,,,
E25,42,2,1,0,30,0,0,0,0,,,,
E25,42,3,1,0,19,8,36,26,0,,,,
E25,42,4,0,,,,,,,,,,
E25,42,5,0,,,,,,,,,,
E26,1,1,1,10,30,70,60,40,1,0,,,0
E26,1,2,1,8,50,40,40,60,0,,,,
E26,1,3,1,50,61,58,57,72,0,,,,
E26,1,4,1,11,43,24,31,34,0,,,,
E26,1,5,1,22,27,20,35,50,0,,,,
E26,2,1,1,24,66,61,38,66,0,,,,
E26,2,2,1,66,31,60,58,31,0,,,,
E26,2,3,0,,,,,,,,,,
E26,2,4,1,40,62,58,50,68,0,,,,
E26,2,5,1,42,63,60,42,72,0,,,,
E26,3,1,1,39,58,62,40,74,1,0,,,0
E26,3,2,1,67,57,70,40,76,1,0,,,0
E26,3,3,1,32,65,85,40,67,0,,,,
E26,3,4,1,39,68,82,68,83,0,,,,
E26,3,5,1,35,64,27,32,68,0,,,,
E26,4,1,1,30,70,51,57,75,0,,,,
E26,4,2,1,37,71,59,56,71,0,,,,
E26,4,3,1,45,61,57,66,78,0,,,,
E26,4,4,1,39,61,50,60,71,0,,,,
E26,4,5,1,27,38,29,28,62,0,,,,
E26,5,1,1,41,58,69,57,61,0,,,,
E26,5,2,1,43,60,69,58,81,0,,,,
E26,5,3,1,60,70,55,64,75,1,0,,,0
E26,5,4,1,37,68,58,59,72,0,,,,
E26,5,5,1,41,41,43,30,50,0,,,,
E26,6,1,1,41,64,64,58,70,0,,,,
E26,6,2,1,43,60,70,50,69,1,0,,,0
E26,6,3,1,40,39,40,58,50,0,,,,
E26,6,4,1,39,58,43,50,53,0,,,,
E26,6,5,1,54,59,50,50,61,0,,,,
E26,7,1,1,58,65,72,62,76,1,0,,,0
E26,7,2,1,40,66,73,72,76,0,,,,
E26,7,3,1,39,67,87,62,83,1,0,,,0
E26,7,4,1,50,67,92,83,92,1,0,,,0
E26,7,5,1,41,66,59,75,84,1,0,,,0
E26,8,1,1,56,70,77,84,86,1,0,,,0
E26,8,2,1,57,66,75,65,72,1,0,,,0
E26,8,3,1,37,60,50,56,67,0,,,,
E26,8,4,1,41,44,50,44,58,0,,,,
E26,8,5,1,59,39,61,43,58,0,,,,
E26,9,1,1,40,40,39,26,46,1,0,,,0
E26,9,2,1,40,57,60,44,57,0,,,,
E26,9,3,1,43,61,43,42,58,0,,,,
E26,9,4,1,56,40,45,29,56,0,,,,
E26,9,5,1,43,56,50,16,58,0,,,,
E26,10,1,0,,,,,,,,,,
E26,10,2,1,41,54,54,41,66,0,,,,
E26,10,3,1,65,39,60,38,69,1,0,,,0
E26,10,4,1,58,52,56,53,61,0,,,,
E26,10,5,1,44,54,62,45,60,0,,,,
E26,11,1,1,40,41,30,40,56,0,,,,
E26,11,2,1,44,59,56,39,66,0,,,,
E26,11,3,1,37,65,74,42,78,1,0,,,0
E26,11,4,1,41,59,73,50,77,1,0,,,0
E26,11,5,1,38,64,68,60,70,0,,,,
E26,12,1,1,36,64,57,50,67,0,,,,
E26,12,2,1,43,78,58,66,75,0,,,,
E26,12,3,1,57,73,72,45,77,1,0,,,0
E26,12,4,1,57,72,94,78,82,1,0,,,0
E26,12,5,1,27,63,77,62,84,1,0,,,0
E26,13,1,1,61,50,69,55,69,1,0,,,0
E26,13,2,1,40,59,61,61,83,0,,,,
E26,13,3,1,42,64,59,81,66,1,0,,,0
E26,13,4,1,36,57,71,81,75,0,,,,
E26,13,5,1,40,66,74,76,82,1,0,,,0
E26,14,1,1,41,62,64,60,69,0,,,,
E26,14,2,1,40,65,60,54,73,0,,,,
E26,14,3,1,40,58,40,67,69,0,,,,
E26,14,4,1,44,61,58,44,65,0,,,,
E26,14,5,1,42,62,60,58,63,0,,,,
E26,15,1,1,37,59,53,61,73,0,,,,
E26,15,2,1,37,66,61,66,72,0,,,,
E26,15,3,1,42,59,54,69,74,0,,,,
E26,15,4,0,,,,,,,,,,
E26,15,5,1,40,50,50,58,68,0,,,,
E26,16,1,1,41,55,60,38,65,0,,,,
E26,16,2,1,43,60,67,49,63,0,,,,
E26,16,3,1,60,67,71,50,76,1,0,,,0
E26,16,4,0,,,,,,,,,,
E26,16,5,1,56,68,72,39,50,0,,,,
E26,17,1,1,37,60,57,50,62,0,,,,
E26,17,2,1,35,50,58,35,57,0,,,,
E26,17,3,1,41,56,56,50,67,0,,,,
E26,17,4,1,42,44,41,61,64,0,,,,
E26,17,5,1,39,58,70,60,66,0,,,,
E26,18,1,1,36,59,67,67,71,0,,,,
E26,18,2,1,42,67,69,60,68,1,0,,,0
E26,18,3,1,46,62,63,60,64,1,0,,,
E26,18,4,1,38,58,46,50,59,0,,,,
E26,18,5,1,42,58,57,59,70,0,,,,
E26,19,1,1,42,60,63,65,71,0,,,,
E26,19,2,1,44,58,59,57,59,0,,,,
E26,19,3,1,42,45,57,54,54,0,,,,
E26,19,4,1,40,55,58,59,62,0,,,,
E26,19,5,1,42,56,56,53,56,0,,,,
E26,20,1,1,43,58,62,61,61,1,0,,,0
E26,20,2,1,41,61,54,57,66,0,,,,
E26,20,3,1,44,69,75,66,74,1,0,,,0
E26,20,4,1,40,60,62,63,71,1,0,,,0
E26,20,5,1,42,56,59,58,62,1,0,,,0
E26,21,1,0,,,,,,,,,,
E26,21,2,1,42,62,68,69,74,1,0,,,0
E26,21,3,1,43,58,60,57,66,1,0,,,0
E26,21,4,1,44,58,62,61,64,1,0,,,0
E26,21,5,1,41,61,61,65,71,1,0,,,0
E26,22,1,1,54,63,63,57,66,1,0,,,0
E26,22,2,1,56,75,68,72,76,1,0,,,0
E26,22,3,1,37,82,87,92,92,1,0,,,0
E26,22,4,1,63,75,81,87,87,1,0,,,0
E26,22,5,1,42,61,50,69,71,1,0,,,0
E26,23,1,1,43,59,62,64,65,1,0,,,0
E26,23,2,1,31,56,56,57,62,0,,,,
E26,23,3,1,39,40,43,38,39,0,,,,
E26,23,4,1,41,56,56,57,62,0,,,,
E26,23,5,1,43,40,47,49,55,0,,,,
E26,24,1,1,43,54,57,57,57,0,,,,
E26,24,2,1,41,55,56,58,62,0,,,,
E26,24,3,1,40,62,58,63,61,0,,,,
E26,24,4,1,41,56,55,58,56,0,,,,
E26,24,5,1,40,50,57,46,55,0,,,,
E26,25,1,1,38,54,57,58,59,0,,,,
E26,25,2,0,,,,,,,,,,
E26,25,3,1,41,64,65,68,59,0,,,,
E26,25,4,1,40,57,59,60,60,0,,,,
E26,25,5,1,39,58,59,59,57,1,0,,,0
E26,26,1,1,39,57,56,63,59,1,0,,,0
E26,26,2,1,41,57,57,57,59,1,0,,,0
E26,26,3,1,41,65,66,63,63,1,0,,,0
E26,26,4,1,33,65,67,67,70,0,,,,
E26,26,5,1,34,60,65,60,59,1,0,,,0
E26,27,1,1,35,60,59,56,60,0,,,,
E26,27,2,1,38,60,54,64,69,0,,,,
E26,27,3,1,39,58,58,67,59,0,,,,
E26,27,4,1,37,57,57,54,62,0,,,,
E26,27,5,1,36,40,41,40,39,0,,,,
E26,28,1,1,64,59,67,59,63,1,0,,,0
E26,28,2,1,36,40,63,57,56,0,,,,
E26,28,3,1,38,50,66,43,58,0,,,,
E26,28,4,1,39,41,67,62,39,0,,,,
E26,28,5,0,,,,,,,,,,
E26,29,1,1,40,44,61,36,60,0,,,,
E26,29,2,1,39,50,63,57,56,0,,,,
E26,29,3,1,43,56,60,58,56,0,,,,
E26,29,4,1,42,40,56,40,58,0,,,,
E26,29,5,0,,,,,,,,,,
E26,30,1,1,42,44,58,36,54,0,,,,
E26,30,2,1,41,44,54,43,51,0,,,,
E26,30,3,1,42,43,44,38,50,0,,,,
E26,30,4,1,40,42,56,43,60,0,,,,
E26,30,5,1,42,45,59,45,54,0,,,,
E26,31,1,1,40,46,50,39,50,0,,,,
E26,31,2,1,41,45,58,33,52,0,,,,
E26,31,3,1,39,36,56,39,50,0,,,,
E26,31,4,1,41,53,61,27,61,0,,,,
E26,31,5,1,37,37,34,39,42,0,,,,
E26,32,1,1,38,45,57,36,54,0,,,,
E26,32,2,1,32,40,43,42,53,0,,,,
E26,32,3,1,36,42,43,56,60,0,,,,
E26,32,4,1,36,53,60,44,56,0,,,,
E26,32,5,1,38,54,68,51,66,1,0,,,0
E26,33,1,1,40,50,57,42,58,0,,,,
E26,33,2,1,35,60,61,36,58,0,,,,
E26,33,3,1,39,52,37,45,57,0,,,,
E26,33,4,1,40,54,60,41,59,0,,,,
E26,33,5,1,39,44,59,41,56,0,,,,
E26,34,1,0,,,,,,,,,,
E26,34,2,0,,,,,,,,,,
E26,34,3,1,41,56,60,42,57,0,,,,
E26,34,4,1,41,44,57,43,58,0,,,,
E26,34,5,1,42,46,64,45,53,0,,,,
E26,35,1,0,,,,,,,,,,
E26,35,2,1,40,56,58,55,55,0,,,,
E26,35,3,1,40,60,56,42,54,0,,,,
E26,35,4,1,42,47,58,45,55,0,,,,
E26,35,5,1,43,41,57,41,55,0,,,,
E26,36,1,1,40,43,57,39,56,0,,,,
E26,36,2,1,58,41,56,40,44,0,,,,
E26,36,3,1,43,55,66,42,44,0,,,,
E26,36,4,1,42,50,57,40,58,0,,,,
E26,36,5,0,,,,,,,,,,
E26,37,1,1,43,41,45,40,52,0,,,,
E26,37,2,0,,,,,,,,,,
E26,37,3,1,42,55,61,46,57,0,,,,
E26,37,4,0,,,,,,,,,,
E26,37,5,0,,,,,,,,,,
E26,38,1,1,41,41,41,40,46,0,,,,
E26,38,2,1,44,55,58,48,55,0,,,,
E26,38,3,1,43,53,58,42,51,0,,,,
E26,38,4,1,37,52,63,39,55,0,,,,
E26,38,5,0,,,,,,,,,,
E26,39,1,1,43,48,58,53,39,0,,,,
E26,39,2,1,37,40,61,55,38,0,,,,
E26,39,3,1,56,59,68,55,58,0,,,,
E26,39,4,0,,,,,,,,,,
E26,39,5,0,,,,,,,,,,
E26,40,1,1,40,56,63,53,57,0,,,,
E26,40,2,1,42,60,61,58,57,0,,,,
E26,40,3,1,40,52,56,65,55,0,,,,
E26,40,4,1,43,46,57,42,58,0,,,,
E26,40,5,0,,,,,,,,,,
E26,41,1,1,41,44,52,42,44,0,,,,
E26,41,2,1,42,47,55,55,58,0,,,,
E26,41,3,0,,,,,,,,,,
E26,41,4,1,38,44,56,45,56,0,,,,
E26,41,5,0,,,,,,,,,,
E26,42,1,0,,,,,,,,,,
E26,42,2,1,40,44,57,41,40,0,,,,
E26,42,3,1,39,43,58,54,43,0,,,,
E26,42,4,0,,,,,,,,,,
E26,42,5,1,42,45,61,56,50,0,,,,
E27,1,1,1,3,7,62,3,5,0,,,,
E27,1,2,0,,,,,,,,,,
E27,1,3,0,,,,,,,,,,
E27,1,4,1,7,6,32,3,6,0,,,,
E27,1,5,1,0,0,0,1,0,0,,,,
E27,2,1,0,,,,,,,,,,
E27,2,2,0,,,,,,,,,,
E27,2,3,1,0,0,0,0,0,0,,,,
E27,2,4,0,,,,,,,,,,
E27,2,5,1,0,0,0,0,0,0,,,,
E27,3,1,0,,,,,,,,,,
E27,3,2,1,2,0,2,0,0,0,,,,
E27,3,3,0,,,,,,,,,,
E27,3,4,1,1,2,1,1,0,0,,,,
E27,3,5,1,1,0,0,0,1,0,,,,
E27,4,1,0,,,,,,,,,,
E27,4,2,1,0,2,2,2,1,0,,,,
E27,4,3,1,1,3,1,3,0,0,,,,
E27,4,4,1,0,0,0,0,0,0,,,,
E27,4,5,1,1,0,0,1,1,0,,,,
E27,5,1,1,1,2,2,1,5,0,,,,
E27,5,2,0,,,,,,,,,,
E27,5,3,1,3,1,4,4,2,0,,,,
E27,5,4,1,2,0,1,3,2,0,,,,
E27,5,5,0,,,,,,,,,,
E27,6,1,0,,,,,,,,,,
E27,6,2,0,,,,,,,,,,
E27,6,3,0,,,,,,,,,,
E27,6,4,1,11,3,23,4,15,0,,,,
E27,6,5,1,2,1,30,1,20,0,,,,
E27,7,1,0,,,,,,,,,,
E27,7,2,1,0,2,17,3,0,0,,,,
E27,7,3,0,,,,,,,,,,
E27,7,4,1,0,0,0,0,0,0,,,,
E27,7,5,1,1,0,0,0,0,0,,,,
E27,8,1,1,5,3,3,2,2,0,,,,
E27,8,2,0,,,,,,,,,,
E27,8,3,1,0,1,24,0,4,0,,,,
E27,8,4,1,0,0,0,0,0,0,,,,
E27,8,5,0,,,,,,,,,,
E27,9,1,1,22,0,6,0,0,0,,,,
E27,9,2,0,,,,,,,,,,
E27,9,3,1,0,0,0,0,0,0,,,,
E27,9,4,1,0,0,0,0,2,0,,,,
E27,9,5,0,,,,,,,,,,
E27,10,1,1,0,0,1,1,1,0,,,,
E27,10,2,0,,,,,,,,,,
E27,10,3,1,13,1,63,11,0,0,,,,
E27,10,4,0,,,,,,,,,,
E27,10,5,0,,,,,,,,,,
E27,11,1,1,4,1,21,3,2,0,,,,
E27,11,2,1,0,0,18,0,0,0,,,,
E27,11,3,1,0,1,12,0,0,0,,,,
E27,11,4,0,,,,,,,,,,
E27,11,5,0,,,,,,,,,,
E27,12,1,1,1,2,10,1,2,0,,,,
E27,12,2,0,,,,,,,,,,
E27,12,3,0,,,,,,,,,,
E27,12,4,1,0,0,0,1,0,0,,,,
E27,12,5,1,0,1,0,0,0,0,,,,
E27,13,1,1,4,1,2,0,0,0,,,,
E27,13,2,0,,,,,,,,,,
E27,13,3,1,1,0,0,0,0,0,,,,
E27,13,4,0,,,,,,,,,,
E27,13,5,1,3,3,5,4,0,0,,,,
E27,14,1,1,0,0,33,0,0,0,,,,
E27,14,2,1,0,1,11,0,0,0,,,,
E27,14,3,0,,,,,,,,,,
E27,14,4,1,1,0,3,0,0,0,,,,
E27,14,5,0,,,,,,,,,,
E27,15,1,0,,,,,,,,,,
E27,15,2,0,,,,,,,,,,
E27,15,3,0,,,,,,,,,,
E27,15,4,0,,,,,,,,,,
E27,15,5,0,,,,,,,,,,
E27,16,1,0,,,,,,,,,,
E27,16,2,0,,,,,,,,,,
E27,16,3,0,,,,,,,,,,
E27,16,4,1,0,0,0,0,0,0,,,,
E27,16,5,1,0,1,0,0,1,0,,,,
E27,17,1,0,,,,,,,,,,
E27,17,2,1,1,0,0,0,0,0,,,,
E27,17,3,1,0,0,0,0,0,0,,,,
E27,17,4,0,,,,,,,,,,
E27,17,5,1,0,19,55,0,0,0,,,,
E27,18,1,1,0,2,0,1,0,0,,,,
E27,18,2,1,0,0,0,0,0,0,,,,
E27,18,3,1,0,0,0,0,0,0,,,,
E27,18,4,0,,,,,,,,,,
E27,18,5,1,0,0,0,0,0,0,,,,
E27,19,1,1,1,0,0,0,0,0,,,,
E27,19,2,1,0,0,17,0,2,0,,,,
E27,19,3,1,0,0,0,0,1,0,,,,
E27,19,4,1,0,0,19,0,0,0,,,,
E27,19,5,1,1,0,0,0,0,0,,,,
E27,20,1,1,40,1,0,0,0,0,,,,
E27,20,2,1,2,3,2,0,0,0,,,,
E27,20,3,1,1,0,16,1,0,0,,,,
E27,20,4,1,0,1,0,0,0,0,,,,
E27,20,5,1,0,0,0,0,0,0,,,,
E27,21,1,1,0,0,2,0,0,0,,,,
E27,21,2,0,,,,,,,,,,
E27,21,3,1,2,0,0,1,2,0,,,,
E27,21,4,0,,,,,,,,,,
E27,21,5,0,,,,,,,,,,
E27,22,1,0,,,,,,,,,,
E27,22,2,0,,,,,,,,,,
E27,22,3,1,11,0,0,0,0,0,,,,
E27,22,4,0,,,,,,,,,,
E27,22,5,0,,,,,,,,,,
E27,23,1,0,,,,,,,,,,
E27,23,2,1,0,0,0,0,0,0,,,,
E27,23,3,1,1,3,3,1,1,0,,,,
E27,23,4,1,0,0,0,0,0,0,,,,
E27,23,5,1,0,0,0,0,0,0,,,,
E27,24,1,1,0,0,0,0,0,0,,,,
E27,24,2,1,0,0,0,0,2,0,,,,
E27,24,3,1,0,0,0,1,0,0,,,,
E27,24,4,1,0,0,0,0,0,0,,,,
E27,24,5,1,0,0,0,0,0,0,,,,
E27,25,1,1,0,0,0,0,0,0,,,,
E27,25,2,0,,,,,,,,,,
E27,25,3,1,0,0,0,0,0,0,,,,
E27,25,4,1,0,0,0,0,0,0,,,,
E27,25,5,1,0,0,0,0,0,0,,,,
E27,26,1,0,,,,,,,,,,
E27,26,2,0,,,,,,,,,,
E27,26,3,1,0,0,0,0,0,0,,,,
E27,26,4,0,,,,,,,,,,
E27,26,5,1,0,0,17,0,0,0,,,,
E27,27,1,0,,,,,,,,,,
E27,27,2,0,,,,,,,,,,
E27,27,3,1,0,0,0,0,0,0,,,,
E27,27,4,1,0,0,0,0,0,0,,,,
E27,27,5,0,,,,,,,,,,
E27,28,1,1,1,0,0,0,0,0,,,,
E27,28,2,0,,,,,,,,,,
E27,28,3,1,0,0,0,0,0,0,,,,
E27,28,4,0,,,,,,,,,,
E27,28,5,1,0,0,0,0,0,0,,,,
E27,29,1,0,,,,,,,,,,
E27,29,2,1,0,0,0,0,1,0,,,,
E27,29,3,0,,,,,,,,,,
E27,29,4,0,,,,,,,,,,
E27,29,5,0,,,,,,,,,,
E27,30,1,0,,,,,,,,,,
E27,30,2,0,,,,,,,,,,
E27,30,3,0,,,,,,,,,,
E27,30,4,0,,,,,,,,,,
E27,30,5,0,,,,,,,,,,
E27,31,1,0,,,,,,,,,,
E27,31,2,0,,,,,,,,,,
E27,31,3,0,,,,,,,,,,
E27,31,4,0,,,,,,,,,,
E27,31,5,0,,,,,,,,,,
E27,32,1,0,,,,,,,,,,
E27,32,2,0,,,,,,,,,,
E27,32,3,1,0,0,0,0,0,0,,,,
E27,32,4,0,,,,,,,,,,
E27,32,5,0,,,,,,,,,,
E27,33,1,0,,,,,,,,,,
E27,33,2,0,,,,,,,,,,
E27,33,3,0,,,,,,,,,,
E27,33,4,1,0,0,0,0,0,0,,,,
E27,33,5,0,,,,,,,,,,
E27,34,1,0,,,,,,,,,,
E27,34,2,0,,,,,,,,,,
E27,34,3,0,,,,,,,,,,
E27,34,4,1,0,0,0,0,0,0,,,,
E27,34,5,0,,,,,,,,,,
E27,35,1,0,,,,,,,,,,
E27,35,2,0,,,,,,,,,,
E27,35,3,0,,,,,,,,,,
E27,35,4,0,,,,,,,,,,
E27,35,5,0,,,,,,,,,,
E27,36,1,0,,,,,,,,,,
E27,36,2,1,0,0,1,2,2,0,,,,
E27,36,3,0,,,,,,,,,,
E27,36,4,1,0,0,0,0,0,0,,,,
E27,36,5,0,,,,,,,,,,
E27,37,1,0,,,,,,,,,,
E27,37,2,0,,,,,,,,,,
E27,37,3,0,,,,,,,,,,
E27,37,4,1,0,0,0,0,0,0,,,,
E27,37,5,0,,,,,,,,,,
E27,38,1,0,,,,,,,,,,
E27,38,2,1,0,0,0,0,0,0,,,,
E27,38,3,0,,,,,,,,,,
E27,38,4,0,,,,,,,,,,
E27,38,5,0,,,,,,,,,,
E27,39,1,1,0,0,0,0,0,0,,,,
E27,39,2,1,0,0,0,0,0,0,,,,
E27,39,3,0,,,,,,,,,,
E27,39,4,0,,,,,,,,,,
E27,39,5,0,,,,,,,,,,
E27,40,1,0,,,,,,,,,,
E27,40,2,0,,,,,,,,,,
E27,40,3,0,,,,,,,,,,
E27,40,4,0,,,,,,,,,,
E27,40,5,1,0,0,0,0,0,0,,,,
E27,41,1,0,,,,,,,,,,
E27,41,2,0,,,,,,,,,,
E27,41,3,1,0,0,9,0,0,0,,,,
E27,41,4,1,0,0,0,0,0,0,,,,
E27,41,5,0,,,,,,,,,,
E27,42,1,1,0,0,0,0,0,0,,,,
E27,42,2,1,0,0,0,0,0,0,,,,
E27,42,3,0,,,,,,,,,,
E27,42,4,0,,,,,,,,,,
E27,42,5,1,0,0,0,0,0,0,,,,
E28,1,1,1,0,0,15,15,15,0,,,,
E28,1,2,1,4,6,8,7,11,0,,,,
E28,1,3,1,7,10,25,18,14,0,,,,
E28,1,4,1,5,7,15,15,18,0,,,,
E28,1,5,1,12,17,9,27,33,0,,,,
E28,2,1,1,7,17,22,20,36,0,,,,
E28,2,2,1,11,10,8,9,11,0,,,,
E28,2,3,1,9,17,31,17,29,0,,,,
E28,2,4,1,8,8,26,14,27,0,,,,
E28,2,5,1,11,16,10,6,18,0,,,,
E28,3,1,1,13,60,67,58,66,1,1,1,0,0
E28,3,2,1,8,42,12,16,25,0,,,,
E28,3,3,1,6,26,25,14,23,0,,,,
E28,3,4,1,5,22,18,19,23,0,,,,
E28,3,5,1,6,15,24,9,27,0,,,,
E28,4,1,1,13,28,50,44,37,1,1,1,0,0
E28,4,2,1,9,35,38,33,37,1,1,1,0,0
E28,4,3,1,14,35,35,32,30,0,,,,
E28,4,4,1,10,39,23,31,50,0,,,,
E28,4,5,1,28,50,37,21,39,0,,,,
E28,5,1,1,4,28,14,27,22,0,,,,
E28,5,2,1,9,35,36,19,38,0,,,,
E28,5,3,1,7,35,22,31,32,0,,,,
E28,5,4,1,10,33,26,22,30,0,,,,
E28,5,5,1,6,30,10,27,29,0,,,,
E28,6,1,0,,,,,,,,,,
E28,6,2,1,19,33,26,26,22,0,,,,
E28,6,3,1,27,35,35,28,34,0,,,,
E28,6,4,1,9,29,22,26,25,0,,,,
E28,6,5,1,4,30,23,33,29,0,,,,
E28,7,1,1,9,36,26,37,35,1,1,0,,0
E28,7,2,1,13,39,40,44,38,0,,,,
E28,7,3,1,14,29,30,50,31,0,,,,
E28,7,4,1,4,33,26,50,39,0,,,,
E28,7,5,0,,,,,,,,,,
E28,8,1,0,,,,,,,,,,
E28,8,2,1,4,33,27,27,30,0,,,,
E28,8,3,1,22,33,19,31,35,0,,,,
E28,8,4,1,7,32,29,34,34,0,,,,
E28,8,5,1,13,36,26,32,30,0,,,,
E28,9,1,1,25,35,35,37,37,0,,,,
E28,9,2,1,10,22,23,36,31,0,,,,
E28,9,3,1,13,35,29,28,35,0,,,,
E28,9,4,0,,,,,,,,,,
E28,9,5,1,5,33,25,37,42,0,,,,
E28,10,1,1,8,33,24,35,35,0,,,,
E28,10,2,1,7,31,20,31,27,0,,,,
E28,10,3,1,7,35,27,40,39,0,,,,
E28,10,4,1,4,30,50,50,50,0,,,,
E28,10,5,1,15,50,50,50,50,0,,,,
E28,11,1,1,3,40,30,35,38,0,,,,
E28,11,2,0,,,,,,,,,,
E28,11,3,1,11,35,37,34,30,0,,,,
E28,11,4,1,4,36,33,35,31,0,,,,
E28,11,5,1,3,37,32,32,35,0,,,,
E28,12,1,1,5,34,31,31,29,0,,,,
E28,12,2,1,10,34,33,35,34,0,,,,
E28,12,3,1,8,36,33,38,37,0,,,,
E28,12,4,1,7,31,31,24,31,0,,,,
E28,12,5,1,0,36,32,28,32,0,,,,
E28,13,1,0,,,,,,,,,,
E28,13,2,1,0,36,31,28,25,0,,,,
E28,13,3,1,9,32,32,27,31,0,,,,
E28,13,4,1,1,44,32,32,35,0,,,,
E28,13,5,1,4,36,38,34,36,0,,,,
E28,14,1,1,3,37,38,30,33,0,,,,
E28,14,2,1,5,31,33,33,28,0,,,,
E28,14,3,0,,,,,,,,,,
E28,14,4,1,4,54,34,56,63,0,,,,
E28,14,5,1,4,50,33,50,50,0,,,,
E28,15,1,1,4,50,33,50,50,0,,,,
E28,15,2,1,12,50,50,50,50,1,0,,,0
E28,15,3,1,0,50,50,50,50,0,,,,
E28,15,4,1,5,50,50,50,50,0,,,,
E28,15,5,1,1,50,50,50,50,0,,,,
E28,16,1,1,4,50,50,71,50,0,,,,
E28,16,2,1,6,50,50,50,50,0,,,,
E28,16,3,1,5,50,50,50,50,0,,,,
E28,16,4,1,6,50,50,51,50,0,,,,
E28,16,5,1,2,50,50,50,50,0,,,,
E28,17,1,0,,,,,,,,,,
E28,17,2,1,0,50,50,50,50,0,,,,
E28,17,3,1,2,50,50,50,50,0,,,,
E28,17,4,1,0,50,50,50,50,0,,,,
E28,17,5,1,0,50,50,50,50,0,,,,
E28,18,1,1,0,50,50,50,50,0,,,,
E28,18,2,0,,,,,,,,,,
E28,18,3,1,2,50,50,50,50,0,,,,
E28,18,4,1,0,50,50,50,50,0,,,,
E28,18,5,0,,,,,,,,,,
E28,19,1,0,,,,,,,,,,
E28,19,2,1,0,50,50,50,50,0,,,,
E28,19,3,0,,,,,,,,,,
E28,19,4,0,,,,,,,,,,
E28,19,5,1,1,50,50,50,50,0,,,,
E28,20,1,0,,,,,,,,,,
E28,20,2,1,0,50,50,50,50,0,,,,
E28,20,3,1,5,51,50,50,50,0,,,,
E28,20,4,1,0,50,50,50,50,0,,,,
E28,20,5,1,7,50,50,50,50,0,,,,
E28,21,1,1,5,50,50,50,50,0,,,,
E28,21,2,0,,,,,,,,,,
E28,21,3,0,,,,,,,,,,
E28,21,4,0,,,,,,,,,,
E28,21,5,0,,,,,,,,,,
E28,22,1,0,,,,,,,,,,
E28,22,2,0,,,,,,,,,,
E28,22,3,0,,,,,,,,,,
E28,22,4,0,,,,,,,,,,
E28,22,5,0,,,,,,,,,,
E28,23,1,0,,,,,,,,,,
E28,23,2,0,,,,,,,,,,
E28,23,3,0,,,,,,,,,,
E28,23,4,0,,,,,,,,,,
E28,23,5,0,,,,,,,,,,
E28,24,1,0,,,,,,,,,,
E28,24,2,0,,,,,,,,,,
E28,24,3,0,,,,,,,,,,
E28,24,4,0,,,,,,,,,,
E28,24,5,0,,,,,,,,,,
E28,25,1,0,,,,,,,,,,
E28,25,2,0,,,,,,,,,,
E28,25,3,0,,,,,,,,,,
E28,25,4,0,,,,,,,,,,
E28,25,5,0,,,,,,,,,,
E28,26,1,0,,,,,,,,,,
E28,26,2,0,,,,,,,,,,
E28,26,3,0,,,,,,,,,,
E28,26,4,0,,,,,,,,,,
E28,26,5,0,,,,,,,,,,
E28,27,1,0,,,,,,,,,,
E28,27,2,0,,,,,,,,,,
E28,27,3,0,,,,,,,,,,
E28,27,4,0,,,,,,,,,,
E28,27,5,0,,,,,,,,,,
E28,28,1,0,,,,,,,,,,
E28,28,2,0,,,,,,,,,,
E28,28,3,0,,,,,,,,,,
E28,28,4,0,,,,,,,,,,
E28,28,5,0,,,,,,,,,,
E28,29,1,0,,,,,,,,,,
E28,29,2,0,,,,,,,,,,
E28,29,3,0,,,,,,,,,,
E28,29,4,0,,,,,,,,,,
E28,29,5,0,,,,,,,,,,
E28,30,1,0,,,,,,,,,,
E28,30,2,0,,,,,,,,,,
E28,30,3,0,,,,,,,,,,
E28,30,4,0,,,,,,,,,,
E28,30,5,0,,,,,,,,,,
E28,31,1,0,,,,,,,,,,
E28,31,2,0,,,,,,,,,,
E28,31,3,0,,,,,,,,,,
E28,31,4,0,,,,,,,,,,
E28,31,5,0,,,,,,,,,,
E28,32,1,0,,,,,,,,,,
E28,32,2,0,,,,,,,,,,
E28,32,3,0,,,,,,,,,,
E28,32,4,0,,,,,,,,,,
E28,32,5,0,,,,,,,,,,
E28,33,1,0,,,,,,,,,,
E28,33,2,0,,,,,,,,,,
E28,33,3,0,,,,,,,,,,
E28,33,4,0,,,,,,,,,,
E28,33,5,0,,,,,,,,,,
E28,34,1,0,,,,,,,,,,
E28,34,2,0,,,,,,,,,,
E28,34,3,0,,,,,,,,,,
E28,34,4,0,,,,,,,,,,
E28,34,5,0,,,,,,,,,,
E28,35,1,0,,,,,,,,,,
E28,35,2,0,,,,,,,,,,
E28,35,3,0,,,,,,,,,,
E28,35,4,0,,,,,,,,,,
E28,35,5,0,,,,,,,,,,
E28,36,1,0,,,,,,,,,,
E28,36,2,0,,,,,,,,,,
E28,36,3,0,,,,,,,,,,
E28,36,4,0,,,,,,,,,,
E28,36,5,0,,,,,,,,,,
E28,37,1,0,,,,,,,,,,
E28,37,2,0,,,,,,,,,,
E28,37,3,0,,,,,,,,,,
E28,37,4,0,,,,,,,,,,
E28,37,5,0,,,,,,,,,,
E28,38,1,0,,,,,,,,,,
E28,38,2,0,,,,,,,,,,
E28,38,3,0,,,,,,,,,,
E28,38,4,0,,,,,,,,,,
E28,38,5,0,,,,,,,,,,
E28,39,1,0,,,,,,,,,,
E28,39,2,0,,,,,,,,,,
E28,39,3,0,,,,,,,,,,
E28,39,4,0,,,,,,,,,,
E28,39,5,0,,,,,,,,,,
E28,40,1,0,,,,,,,,,,
E28,40,2,0,,,,,,,,,,
E28,40,3,0,,,,,,,,,,
E28,40,4,0,,,,,,,,,,
E28,40,5,0,,,,,,,,,,
E28,41,1,0,,,,,,,,,,
E28,41,2,0,,,,,,,,,,
E28,41,3,0,,,,,,,,,,
E28,41,4,0,,,,,,,,,,
E28,41,5,0,,,,,,,,,,
E28,42,1,0,,,,,,,,,,
E28,42,2,0,,,,,,,,,,
E28,42,3,0,,,,,,,,,,
E28,42,4,0,,,,,,,,,,
E28,42,5,0,,,,,,,,,,
E29,1,1,1,0,80,84,0,88,0,,,,
E29,1,2,1,0,30,10,0,36,0,,,,
E29,1,3,0,,,,,,,,,,
E29,1,4,1,0,41,18,0,37,0,,,,
E29,1,5,1,0,11,15,0,16,0,,,,
E29,2,1,0,,,,,,,,,,
E29,2,2,1,0,66,23,0,70,0,,,,
E29,2,3,1,0,73,61,95,87,0,,,,
E29,2,4,0,,,,,,,,,,
E29,2,5,1,0,56,21,6,23,0,,,,
E29,3,1,1,0,19,8,4,41,0,,,,
E29,3,2,1,0,7,4,13,20,0,,,,
E29,3,3,0,,,,,,,,,,
E29,3,4,1,1,10,10,3,10,0,,,,
E29,3,5,0,,,,,,,,,,
E29,4,1,1,1,29,6,5,22,0,,,,
E29,4,2,1,0,13,6,20,19,0,,,,
E29,4,3,1,3,21,9,10,27,0,,,,
E29,4,4,0,,,,,,,,,,
E29,4,5,0,,,,,,,,,,
E29,5,1,0,,,,,,,,,,
E29,5,2,1,0,32,59,12,64,0,,,,
E29,5,3,1,0,72,74,81,78,0,,,,
E29,5,4,1,0,60,68,72,57,0,,,,
E29,5,5,0,,,,,,,,,,
E29,6,1,0,,,,,,,,,,
E29,6,2,1,0,30,25,71,50,0,,,,
E29,6,3,1,0,19,34,59,29,0,,,,
E29,6,4,1,0,27,17,61,14,0,,,,
E29,6,5,1,11,22,20,64,32,0,,,,
E29,7,1,1,0,23,24,61,31,0,,,,
E29,7,2,1,3,57,26,59,36,0,,,,
E29,7,3,1,1,64,42,72,66,0,,,,
E29,7,4,0,,,,,,,,,,
E29,7,5,0,,,,,,,,,,
E29,8,1,1,78,83,89,91,86,1,2,3,1,0
E29,8,2,1,50,28,11,70,43,1,2,2,1,0
E29,8,3,1,7,65,42,73,67,0,,,,
E29,8,4,1,11,67,81,84,65,0,,,,
E29,8,5,1,7,56,71,73,78,0,,,,
E29,9,1,1,0,80,82,67,91,0,,,,
E29,9,2,0,,,,,,,,,,
E29,9,3,0,,,,,,,,,,
E29,9,4,0,,,,,,,,,,
E29,9,5,0,,,,,,,,,,
E29,10,1,0,,,,,,,,,,
E29,10,2,1,0,8,13,14,19,0,,,,
E29,10,3,0,,,,,,,,,,
E29,10,4,0,,,,,,,,,,
E29,10,5,0,,,,,,,,,,
E29,11,1,0,,,,,,,,,,
E29,11,2,1,64,88,100,74,97,1,1,1,2,0
E29,11,3,0,,,,,,,,,,
E29,11,4,0,,,,,,,,,,
E29,11,5,0,,,,,,,,,,
E29,12,1,1,0,17,29,65,34,0,,,,
E29,12,2,0,,,,,,,,,,
E29,12,3,1,0,19,16,25,16,0,,,,
E29,12,4,0,,,,,,,,,,
E29,12,5,0,,,,,,,,,,
E29,13,1,0,,,,,,,,,,
E29,13,2,0,,,,,,,,,,
E29,13,3,1,0,77,79,85,78,1,1,1,0,0
E29,13,4,1,0,69,69,74,81,0,,,,
E29,13,5,1,91,67,78,97,77,1,2,2,0,0
E29,14,1,1,16,76,76,100,76,0,,,,
E29,14,2,0,,,,,,,,,,
E29,14,3,1,13,73,85,100,67,0,,,,
E29,14,4,1,0,65,69,100,74,0,,,,
E29,14,5,0,,,,,,,,,,
E29,15,1,0,,,,,,,,,,
E29,15,2,0,,,,,,,,,,
E29,15,3,0,,,,,,,,,,
E29,15,4,0,,,,,,,,,,
E29,15,5,1,84,100,100,100,85,1,3,3,4,0
E29,16,1,1,25,89,100,100,100,0,,,,
E29,16,2,0,,,,,,,,,,
E29,16,3,1,0,84,81,83,84,0,,,,
E29,16,4,0,,,,,,,,,,
E29,16,5,0,,,,,,,,,,
E29,17,1,0,,,,,,,,,,
E29,17,2,0,,,,,,,,,,
E29,17,3,0,,,,,,,,,,
E29,17,4,0,,,,,,,,,,
E29,17,5,0,,,,,,,,,,
E29,18,1,1,0,80,84,17,82,0,,,,
E29,18,2,0,,,,,,,,,,
E29,18,3,1,0,84,92,90,84,0,,,,
E29,18,4,1,0,79,91,24,84,0,,,,
E29,18,5,0,,,,,,,,,,
E29,19,1,1,0,71,83,76,82,0,,,,
E29,19,2,1,13,79,86,70,70,0,,,,
E29,19,3,1,55,83,95,87,90,1,4,0,,1
E29,19,4,0,,,,,,,,,,
E29,19,5,0,,,,,,,,,,
E29,20,1,1,63,85,89,87,86,0,,,,
E29,20,2,1,10,82,91,84,86,0,,,,
E29,20,3,1,10,77,83,83,84,0,,,,
E29,20,4,1,14,75,81,76,75,0,,,,
E29,20,5,1,0,22,13,29,18,0,,,,
E29,21,1,1,0,74,74,67,75,0,,,,
E29,21,2,1,0,82,67,14,77,0,,,,
E29,21,3,1,0,60,62,38,83,0,,,,
E29,21,4,0,,,,,,,,,,
E29,21,5,0,,,,,,,,,,
E29,22,1,1,7,30,71,11,66,0,,,,
E29,22,2,1,6,73,74,81,78,0,,,,
E29,22,3,1,12,67,84,32,77,0,,,,
E29,22,4,1,2,25,45,56,69,0,,,,
E29,22,5,1,0,75,68,32,85,0,,,,
E29,23,1,1,0,78,83,32,80,0,,,,
E29,23,2,1,0,66,63,81,67,0,,,,
E29,23,3,1,0,62,61,80,66,0,,,,
E29,23,4,0,,,,,,,,,,
E29,23,5,0,,,,,,,,,,
E29,24,1,1,3,75,67,76,68,0,,,,
E29,24,2,1,0,67,68,70,72,0,,,,
E29,24,3,1,0,59,61,72,63,0,,,,
E29,24,4,0,,,,,,,,,,
E29,24,5,1,0,77,78,70,81,0,,,,
E29,25,1,0,,,,,,,,,,
E29,25,2,1,0,69,81,82,82,1,0,,,0
E29,25,3,0,,,,,,,,,,
E29,25,4,1,0,78,83,81,80,0,,,,
E29,25,5,0,,,,,,,,,,
E29,26,1,0,,,,,,,,,,
E29,26,2,0,,,,,,,,,,
E29,26,3,1,100,13,100,100,100,1,0,,,0
E29,26,4,0,,,,,,,,,,
E29,26,5,1,88,99,100,100,100,1,3,4,3,1
E29,27,1,0,,,,,,,,,,
E29,27,2,1,89,86,100,100,100,1,3,3,2,0
E29,27,3,1,81,83,63,100,72,0,,,,
E29,27,4,1,38,75,76,100,70,0,,,,
E29,27,5,1,85,81,100,100,79,0,,,,
E29,28,1,0,,,,,,,,,,
E29,28,2,0,,,,,,,,,,
E29,28,3,1,100,31,25,76,31,0,,,,
E29,28,4,1,62,28,23,82,26,0,,,,
E29,28,5,1,79,52,64,79,62,0,,,,
E29,29,1,0,,,,,,,,,,
E29,29,2,0,,,,,,,,,,
E29,29,3,0,,,,,,,,,,
E29,29,4,1,40,77,74,100,61,0,,,,
E29,29,5,1,28,71,70,84,77,0,,,,
E29,30,1,0,,,,,,,,,,
E29,30,2,1,17,80,35,81,75,0,,,,
E29,30,3,1,63,26,73,59,66,0,,,,
E29,30,4,0,,,,,,,,,,
E29,30,5,1,22,68,75,41,81,0,,,,
E29,31,1,0,,,,,,,,,,
E29,31,2,0,,,,,,,,,,
E29,31,3,0,,,,,,,,,,
E29,31,4,0,,,,,,,,,,
E29,31,5,1,0,68,22,70,62,0,,,,
E29,32,1,0,,,,,,,,,,
E29,32,2,1,0,76,72,22,68,0,,,,
E29,32,3,0,,,,,,,,,,
E29,32,4,0,,,,,,,,,,
E29,32,5,1,0,69,64,62,60,0,,,,
E29,33,1,1,16,22,18,74,60,0,,,,
E29,33,2,0,,,,,,,,,,
E29,33,3,1,0,22,21,58,29,0,,,,
E29,33,4,1,0,18,37,44,38,0,,,,
E29,33,5,1,0,23,20,53,25,0,,,,
E29,34,1,0,,,,,,,,,,
E29,34,2,0,,,,,,,,,,
E29,34,3,0,,,,,,,,,,
E29,34,4,0,,,,,,,,,,
E29,34,5,1,0,66,63,75,64,0,,,,
E29,35,1,0,,,,,,,,,,
E29,35,2,1,0,67,68,66,68,0,,,,
E29,35,3,0,,,,,,,,,,
E29,35,4,1,0,31,38,45,52,0,,,,
E29,35,5,1,0,33,42,49,45,0,,,,
E29,36,1,0,,,,,,,,,,
E29,36,2,1,0,36,39,50,47,0,,,,
E29,36,3,1,51,50,69,50,71,0,,,,
E29,36,4,0,,,,,,,,,,
E29,36,5,0,,,,,,,,,,
E29,37,1,1,0,64,75,69,71,0,,,,
E29,37,2,0,,,,,,,,,,
E29,37,3,0,,,,,,,,,,
E29,37,4,1,0,63,37,64,61,0,,,,
E29,37,5,1,0,50,61,63,71,0,,,,
E29,38,1,0,,,,,,,,,,
E29,38,2,0,,,,,,,,,,
E29,38,3,0,,,,,,,,,,
E29,38,4,0,,,,,,,,,,
E29,38,5,0,,,,,,,,,,
E29,39,1,0,,,,,,,,,,
E29,39,2,0,,,,,,,,,,
E29,39,3,1,9,70,82,87,78,0,,,,
E29,39,4,0,,,,,,,,,,
E29,39,5,0,,,,,,,,,,
E29,40,1,0,,,,,,,,,,
E29,40,2,0,,,,,,,,,,
E29,40,3,0,,,,,,,,,,
E29,40,4,0,,,,,,,,,,
E29,40,5,0,,,,,,,,,,
E29,41,1,1,0,42,22,45,47,0,,,,
E29,41,2,1,0,24,24,43,33,0,,,,
E29,41,3,0,,,,,,,,,,
E29,41,4,1,0,34,34,44,41,0,,,,
E29,41,5,0,,,,,,,,,,
E29,42,1,0,,,,,,,,,,
E29,42,2,0,,,,,,,,,,
E29,42,3,0,,,,,,,,,,
E29,42,4,1,0,67,76,75,69,0,,,,
E29,42,5,0,,,,,,,,,,
E30,1,1,1,10,20,10,8,16,0,,,,
E30,1,2,1,13,13,34,7,9,0,,,,
E30,1,3,1,7,35,21,3,70,0,,,,
E30,1,4,1,10,14,24,11,13,0,,,,
E30,1,5,1,17,68,26,39,26,0,,,,
E30,2,1,1,10,13,21,9,18,0,,,,
E30,2,2,1,10,23,27,20,13,0,,,,
E30,2,3,1,8,11,12,26,19,0,,,,
E30,2,4,1,5,18,31,22,7,1,1,2,1,0
E30,2,5,1,14,15,39,16,17,1,1,1,1,0
E30,3,1,0,,,,,,,,,,
E30,3,2,1,10,9,99,8,11,0,,,,
E30,3,3,0,,,,,,,,,,
E30,3,4,1,8,14,13,35,17,0,,,,
E30,3,5,1,9,29,20,25,11,0,,,,
E30,4,1,1,13,13,19,41,16,0,,,,
E30,4,2,1,10,16,20,100,10,0,,,,
E30,4,3,1,10,15,15,15,4,0,,,,
E30,4,4,1,8,11,21,13,17,0,,,,
E30,4,5,1,8,13,19,14,17,0,,,,
E30,5,1,1,8,5,19,6,12,0,,,,
E30,5,2,1,9,12,13,32,12,0,,,,
E30,5,3,1,10,14,13,13,14,0,,,,
E30,5,4,1,8,13,9,64,13,0,,,,
E30,5,5,1,10,15,27,24,13,0,,,,
E30,6,1,1,13,10,13,11,23,0,,,,
E30,6,2,1,10,10,32,31,9,0,,,,
E30,6,3,1,8,11,14,10,11,0,,,,
E30,6,4,1,9,13,19,31,12,0,,,,
E30,6,5,1,9,89,29,40,9,0,,,,
E30,7,1,0,,,,,,,,,,
E30,7,2,1,13,14,14,18,15,0,,,,
E30,7,3,1,10,13,14,32,19,0,,,,
E30,7,4,1,9,10,25,32,13,0,,,,
E30,7,5,1,9,13,7,8,17,0,,,,
E30,8,1,1,9,13,9,14,10,0,,,,
E30,8,2,1,12,33,13,13,14,0,,,,
E30,8,3,1,9,17,11,33,13,0,,,,
E30,8,4,0,,,,,,,,,,
E30,8,5,1,10,12,11,9,10,0,,,,
E30,9,1,1,8,12,11,12,9,0,,,,
E30,9,2,0,,,,,,,,,,
E30,9,3,1,12,13,30,10,17,0,,,,
E30,9,4,1,10,23,37,62,11,0,,,,
E30,9,5,0,,,,,,,,,,
E30,10,1,1,9,8,13,10,18,0,,,,
E30,10,2,1,4,8,22,24,14,0,,,,
E30,10,3,0,,,,,,,,,,
E30,10,4,1,14,16,24,12,12,0,,,,
E30,10,5,1,7,8,27,9,12,0,,,,
E30,11,1,0,,,,,,,,,,
E30,11,2,1,9,10,25,10,12,0,,,,
E30,11,3,1,6,8,20,9,7,0,,,,
E30,11,4,1,12,9,24,7,10,0,,,,
E30,11,5,1,9,9,66,10,12,0,,,,
E30,12,1,1,9,13,19,10,6,0,,,,
E30,12,2,1,13,11,28,10,12,0,,,,
E30,12,3,1,10,12,18,14,16,0,,,,
E30,12,4,1,8,9,29,8,6,0,,,,
E30,12,5,1,6,9,12,10,9,0,,,,
E30,13,1,1,6,7,19,10,10,0,,,,
E30,13,2,0,,,,,,,,,,
E30,13,3,1,10,13,15,11,13,0,,,,
E30,13,4,0,,,,,,,,,,
E30,13,5,1,7,10,24,7,10,0,,,,
E30,14,1,0,,,,,,,,,,
E30,14,2,1,8,10,28,11,11,0,,,,
E30,14,3,1,10,68,66,37,11,0,,,,
E30,14,4,1,9,15,28,14,14,0,,,,
E30,14,5,1,9,9,19,9,10,0,,,,
E30,15,1,1,13,12,28,14,13,0,,,,
E30,15,2,0,,,,,,,,,,
E30,15,3,0,,,,,,,,,,
E30,15,4,1,7,5,25,2,9,0,,,,
E30,15,5,0,,,,,,,,,,
E30,16,1,0,,,,,,,,,,
E30,16,2,1,5,91,35,13,11,0,,,,
E30,16,3,1,22,12,23,24,19,0,,,,
E30,16,4,1,9,12,21,16,11,0,,,,
E30,16,5,1,15,15,34,12,13,0,,,,
E30,17,1,0,,,,,,,,,,
E30,17,2,1,8,12,25,10,12,0,,,,
E30,17,3,1,9,10,22,8,7,0,,,,
E30,17,4,1,12,20,24,17,50,0,,,,
E30,17,5,1,12,12,23,12,13,0,,,,
E30,18,1,0,,,,,,,,,,
E30,18,2,0,,,,,,,,,,
E30,18,3,1,13,14,37,11,11,0,,,,
E30,18,4,0,,,,,,,,,,
E30,18,5,1,5,6,18,3,9,0,,,,
E30,19,1,0,,,,,,,,,,
E30,19,2,1,7,10,11,9,9,0,,,,
E30,19,3,1,13,18,19,36,6,0,,,,
E30,19,4,1,60,42,30,23,29,0,,,,
E30,19,5,1,15,15,27,16,12,0,,,,
E30,20,1,1,13,17,67,42,15,0,,,,
E30,20,2,1,15,16,28,22,17,0,,,,
E30,20,3,1,11,8,21,37,8,0,,,,
E30,20,4,1,11,15,39,36,9,0,,,,
E30,20,5,1,9,16,25,16,15,0,,,,
E30,21,1,1,8,8,34,32,9,0,,,,
E30,21,2,1,5,11,66,57,20,0,,,,
E30,21,3,0,,,,,,,,,,
E30,21,4,1,7,15,64,33,9,0,,,,
E30,21,5,0,,,,,,,,,,
E30,22,1,0,,,,,,,,,,
E30,22,2,0,,,,,,,,,,
E30,22,3,1,12,13,29,50,10,0,,,,
E30,22,4,1,9,32,64,15,35,0,,,,
E30,22,5,1,10,18,73,61,68,1,1,1,0,0
E30,23,1,1,7,28,43,50,65,0,,,,
E30,23,2,0,,,,,,,,,,
E30,23,3,1,15,16,75,39,50,0,,,,
E30,23,4,1,20,62,70,38,57,1,1,2,1,0
E30,23,5,1,12,19,69,34,50,1,1,1,1,0
E30,24,1,1,9,54,68,50,55,1,1,0,,
E30,24,2,1,12,35,59,25,64,0,,,,
E30,24,3,1,5,23,50,56,78,0,,,,
E30,24,4,1,12,29,79,33,60,1,1,2,1,0
E30,24,5,0,,,,,,,,,,
E30,25,1,1,7,31,36,66,75,0,,,,
E30,25,2,0,,,,,,,,,,
E30,25,3,1,12,14,40,41,12,1,0,,,0
E30,25,4,1,5,12,31,12,12,0,,,,
E30,25,5,0,,,,,,,,,,
E30,26,1,1,6,9,27,16,6,0,,,,
E30,26,2,0,,,,,,,,,,
E30,26,3,0,,,,,,,,,,
E30,26,4,1,6,34,34,23,11,0,,,,
E30,26,5,0,,,,,,,,,,
E30,27,1,1,10,17,14,10,17,0,,,,
E30,27,2,0,,,,,,,,,,
E30,27,3,0,,,,,,,,,,
E30,27,4,1,7,12,34,11,12,0,,,,
E30,27,5,1,8,19,22,12,14,0,,,,
E30,28,1,1,12,15,23,14,17,0,,,,
E30,28,2,1,10,12,31,12,15,0,,,,
E30,28,3,1,8,9,7,8,9,0,,,,
E30,28,4,0,,,,,,,,,,
E30,28,5,0,,,,,,,,,,
E30,29,1,1,8,13,32,9,16,0,,,,
E30,29,2,1,10,14,46,12,14,0,,,,
E30,29,3,1,6,5,31,12,14,0,,,,
E30,29,4,1,21,22,51,10,17,0,,,,
E30,29,5,0,,,,,,,,,,
E30,30,1,1,11,10,39,18,12,0,,,,
E30,30,2,0,,,,,,,,,,
E30,30,3,1,14,28,36,7,14,0,,,,
E30,30,4,1,12,15,50,27,20,0,,,,
E30,30,5,1,8,10,22,18,50,0,,,,
E30,31,1,0,,,,,,,,,,
E30,31,2,1,10,18,36,13,14,0,,,,
E30,31,3,0,,,,,,,,,,
E30,31,4,0,,,,,,,,,,
E30,31,5,1,11,25,50,23,16,0,,,,
E30,32,1,1,13,18,64,13,16,0,,,,
E30,32,2,1,9,16,25,28,9,0,,,,
E30,32,3,1,14,15,59,22,21,0,,,,
E30,32,4,1,16,35,66,24,20,1,2,2,1,0
E30,32,5,0,,,,,,,,,,
E30,33,1,1,12,29,61,27,16,1,2,1,1,0
E30,33,2,1,11,13,56,35,21,1,1,1,0,0
E30,33,3,1,10,11,36,50,24,0,,,,
E30,33,4,1,14,24,58,40,50,1,0,,,0
E30,33,5,1,11,27,37,66,43,1,1,1,2,0
E30,34,1,1,10,31,57,34,50,1,1,1,0,
E30,34,2,1,11,18,50,33,39,1,0,,,0
E30,34,3,1,15,13,61,50,50,1,2,2,0,0
E30,34,4,1,12,19,62,50,34,1,1,1,0,0
E30,34,5,1,9,22,53,59,27,1,3,2,1,0
E30,35,1,1,15,38,49,32,35,0,,,,
E30,35,2,1,19,50,66,36,72,0,,,,
E30,35,3,1,7,34,50,50,25,1,0,,,0
E30,35,4,1,9,23,50,58,39,0,,,,
E30,35,5,1,7,33,68,34,8,1,1,1,0,0
E30,36,1,1,17,17,30,15,15,0,,,,
E30,36,2,1,8,20,50,23,36,0,,,,
E30,36,3,1,13,40,50,31,34,0,,,,
E30,36,4,1,14,33,50,34,20,0,,,,
E30,36,5,1,10,29,50,31,10,1,0,,,0
E30,37,1,0,,,,,,,,,,
E30,37,2,0,,,,,,,,,,
E30,37,3,1,11,58,61,20,30,1,2,3,2,0
E30,37,4,1,11,19,43,29,19,1,2,2,1,0
E30,37,5,0,,,,,,,,,,
E30,38,1,0,,,,,,,,,,
E30,38,2,1,9,26,50,24,10,1,2,1,0,0
E30,38,3,1,10,27,73,32,59,1,2,3,2,0
E30,38,4,1,12,37,74,41,16,1,3,3,2,0
E30,38,5,1,8,28,62,29,16,1,2,2,1,0
E30,39,1,1,13,34,40,18,16,1,1,0,,0
E30,39,2,0,,,,,,,,,,
E30,39,3,1,6,21,65,21,11,1,3,3,1,0
E30,39,4,1,18,19,44,22,19,1,2,1,0,0
E30,39,5,1,27,24,56,20,50,1,2,2,1,0
E30,40,1,1,12,30,50,27,19,1,1,1,0,0
E30,40,2,1,14,35,37,8,17,1,1,1,0,0
E30,40,3,1,6,13,43,14,19,1,3,3,1,0
E30,40,4,1,13,26,50,21,12,1,3,3,3,0
E30,40,5,0,,,,,,,,,,
E30,41,1,0,,,,,,,,,,
E30,41,2,1,11,24,36,16,17,1,1,1,0,0
E30,41,3,0,,,,,,,,,,
E30,41,4,1,9,18,37,9,11,1,2,2,1,0
E30,41,5,0,,,,,,,,,,
E30,42,1,1,28,37,50,23,8,1,1,1,0,0
E30,42,2,0,,,,,,,,,,
E30,42,3,1,11,60,50,14,18,1,2,2,1,0
E30,42,4,0,,,,,,,,,,
E30,42,5,0,,,,,,,,,,
